"STATION","DATE","LATITUDE","LONGITUDE","ELEVATION","NAME","TEMP","TEMP_ATTRIBUTES","DEWP","DEWP_ATTRIBUTES","SLP","SLP_ATTRIBUTES","STP","STP_ATTRIBUTES","VISIB","VISIB_ATTRIBUTES","WDSP","WDSP_ATTRIBUTES","MXSPD","GUST","MAX","MAX_ATTRIBUTES","MIN","MIN_ATTRIBUTES","PRCP","PRCP_ATTRIBUTES","SNDP","FRSHTT"
"01001099999","2020-01-01","70.9333333","-8.6666667","9.0","JAN MAYEN NOR NAVY, NO","  31.5","24","  29.3","24"," 974.9","24","973.8","24","  3.7"," 6","  9.9","24"," 15.9"," 24.1","  35.8"," ","  23.5","*"," 0.37","G","999.9","010000"
"01001099999","2020-01-02","70.9333333","-8.6666667","9.0","JAN MAYEN NOR NAVY, NO","  26.0","24","  23.4","24"," 960.1","24","959.0","24","  4.9"," 6"," 23.0","24"," 37.3"," 49.1","  34.2","*","  19.0"," "," 0.54","E","999.9","101000"
"01001099999","2020-01-03","70.9333333","-8.6666667","9.0","JAN MAYEN NOR NAVY, NO","  25.1","21","  18.9","21"," 985.5","21","984.3","21","999.9"," 0"," 33.4","21"," 50.5"," 65.9","  33.6","*","  19.6","*"," 0.31","E","999.9","010000"
"01001099999","2020-01-04","70.9333333","-8.6666667","9.0","JAN MAYEN NOR NAVY, NO","  24.1","23","  16.1","23","1007.2","23","006.0","23","  8.2"," 5"," 13.3","23"," 25.6"," 31.3","  31.3","*","  19.2"," "," 0.06","G","999.9","001000"
"01001099999","2020-01-05","70.9333333","-8.6666667","9.0","JAN MAYEN NOR NAVY, NO","  34.4","24","  32.5","24"," 981.8","24","980.6","24","  4.2"," 6"," 12.9","24"," 25.6"," 34.0","  37.4"," ","  26.4"," "," 0.02","G","999.9","010000"
"01001099999","2020-01-06","70.9333333","-8.6666667","9.0","JAN MAYEN NOR NAVY, NO","  35.7","22","  33.2","22"," 973.8","22","972.7","22","  8.4"," 4"," 13.4","21"," 28.9"," 39.2","  38.3","*","  33.4"," "," 0.09","G","999.9","100000"
"01001099999","2020-01-07","70.9333333","-8.6666667","9.0","JAN MAYEN NOR NAVY, NO","  32.9","24","  30.4","24"," 951.5","24","950.4","24","  2.9"," 6"," 15.8","24"," 28.0"," 35.5","  37.9"," ","  28.9","*"," 0.29","G","999.9","110000"
"01001099999","2020-01-08","70.9333333","-8.6666667","9.0","JAN MAYEN NOR NAVY, NO","  31.7","24","  29.2","24"," 948.1","24","947.0","24","  2.6"," 6"," 22.0","24"," 32.8"," 57.3","  32.9"," ","  28.0","*"," 0.00","G","999.9","010000"
"01001099999","2020-01-09","70.9333333","-8.6666667","9.0","JAN MAYEN NOR NAVY, NO","  29.1","24","  22.0","24"," 980.4","24","979.2","24"," 14.2"," 6"," 13.0","23"," 35.2"," 52.6","  32.7"," ","  25.5"," "," 0.12","G","999.9","011000"
"01001099999","2020-01-10","70.9333333","-8.6666667","9.0","JAN MAYEN NOR NAVY, NO","  28.4","23","  20.0","23"," 991.0","23","989.8","23"," 16.2"," 5"," 10.0","23"," 13.8"," 29.7","  32.7"," ","  24.8"," "," 0.14","G","999.9","000000"
"01001099999","2020-01-11","70.9333333","-8.6666667","9.0","JAN MAYEN NOR NAVY, NO","  31.5","19","  26.8","19"," 975.2","19","974.0","19","  6.2"," 4"," 28.4","19"," 49.1"," 62.5","  34.2","*","  25.7"," "," 0.00","G","999.9","010000"
"01001099999","2020-01-12","70.9333333","-8.6666667","9.0","JAN MAYEN NOR NAVY, NO","  32.6","23","  30.5","23"," 969.5","23","968.4","23","  2.1"," 5"," 29.0","23"," 46.6"," 59.1","  35.6","*","  29.7"," "," 0.56","G","  0.4","011000"
"01001099999","2020-01-13","70.9333333","-8.6666667","9.0","JAN MAYEN NOR NAVY, NO","  28.6","19","  26.1","19"," 983.7","19","982.5","19","  3.7"," 4"," 30.9","19"," 42.7"," 58.5","  31.3","*","  27.5","*"," 0.22","G","999.9","001000"
"01001099999","2020-01-14","70.9333333","-8.6666667","9.0","JAN MAYEN NOR NAVY, NO","  32.3","24","  29.0","24"," 981.2","24","980.0","24","  3.6"," 6"," 28.1","24"," 35.0"," 40.0","  33.8"," ","  27.9"," "," 0.06","G","999.9","110000"
"01001099999","2020-01-15","70.9333333","-8.6666667","9.0","JAN MAYEN NOR NAVY, NO","  31.1","21","  30.0","21"," 985.0","21","983.9","21","999.9"," 0"," 33.0","21"," 40.8"," 48.2","  31.6","*","  30.2","*"," 0.00","G","999.9","000000"
"01001099999","2020-01-16","70.9333333","-8.6666667","9.0","JAN MAYEN NOR NAVY, NO","  32.7","24","  28.1","24","1001.2","24","000.0","24","  7.7"," 6"," 20.9","24"," 27.2"," 34.4","  33.8"," ","  30.4"," "," 0.13","G","999.9","001000"
"01001099999","2020-01-17","70.9333333","-8.6666667","9.0","JAN MAYEN NOR NAVY, NO","  33.8","24","  27.9","24","1006.5","24","005.3","24","  7.1"," 6"," 22.8","24"," 27.2"," 31.7","  34.9","*","  32.5"," "," 0.00","G","999.9","010000"
"01001099999","2020-01-18","70.9333333","-8.6666667","9.0","JAN MAYEN NOR NAVY, NO","  33.6","24","  30.2","24","1001.0","24","999.9","24","  5.2"," 6"," 16.4","24"," 28.6"," 41.2","  35.6"," ","  27.1","*"," 0.00","G","999.9","110000"
"01001099999","2020-01-19","70.9333333","-8.6666667","9.0","JAN MAYEN NOR NAVY, NO","  33.6","24","  28.3","24"," 997.0","24","995.8","24","  5.7"," 6"," 17.7","24"," 31.1"," 37.9","  40.1"," ","  26.8"," "," 0.12","G","999.9","010000"
"01001099999","2020-01-20","70.9333333","-8.6666667","9.0","JAN MAYEN NOR NAVY, NO","  30.6","24","  25.2","24"," 985.0","24","983.8","24","  6.4"," 6"," 21.7","24"," 35.0"," 40.6","  40.1"," ","  25.3","*"," 0.13","G","999.9","011000"
"01001099999","2020-01-21","70.9333333","-8.6666667","9.0","JAN MAYEN NOR NAVY, NO","  27.6","22","  23.7","22","1002.7","22","001.5","22","  2.3"," 4"," 17.6","22"," 31.1"," 45.5","  32.4"," ","  21.7","*"," 0.00","G","999.9","001000"
"01001099999","2020-01-22","70.9333333","-8.6666667","9.0","JAN MAYEN NOR NAVY, NO","  30.7","22","  26.1","22","1006.8","22","005.6","22","  8.5"," 4"," 15.0","22"," 29.1","999.9","  37.6","*","  25.7"," "," 0.13","G","999.9","100000"
"01001099999","2020-01-23","70.9333333","-8.6666667","9.0","JAN MAYEN NOR NAVY, NO","  30.7","23","  24.1","23"," 976.1","23","974.9","23"," 11.1"," 5"," 17.9","23"," 27.2"," 32.6","  35.4","*","  26.6","*"," 0.32","G","999.9","001000"
"01001099999","2020-01-24","70.9333333","-8.6666667","9.0","JAN MAYEN NOR NAVY, NO","  27.0","21","  21.1","21"," 985.2","21","984.0","21","999.9"," 0"," 15.7","21"," 27.0"," 30.3","  28.8","*","  25.7","*"," 0.00","G","999.9","001000"
"01001099999","2020-01-25","70.9333333","-8.6666667","9.0","JAN MAYEN NOR NAVY, NO","  30.7","24","  25.2","24"," 996.5","24","995.3","24","  8.1"," 6"," 12.2","24"," 19.4"," 20.6","  33.1"," ","  26.1"," "," 0.06","G","999.9","011000"
"01001099999","2020-01-26","70.9333333","-8.6666667","9.0","JAN MAYEN NOR NAVY, NO","  33.9","24","  28.1","24"," 998.0","24","996.8","24","  7.5"," 6"," 30.7","24"," 36.3"," 49.0","  35.1","*","  29.3"," "," 0.01","G","999.9","010000"
"01001099999","2020-01-27","70.9333333","-8.6666667","9.0","JAN MAYEN NOR NAVY, NO","  34.0","24","  33.1","24"," 990.7","24","989.5","24","  1.6"," 6"," 20.9","24"," 37.3"," 53.6","  36.0"," ","  31.5"," "," 0.00","G","999.9","110000"
"01001099999","2020-01-28","70.9333333","-8.6666667","9.0","JAN MAYEN NOR NAVY, NO","  33.2","24","  30.6","24"," 992.7","24","991.5","24","  3.2"," 6"," 11.2","24"," 24.9"," 27.8","  35.8"," ","  28.9"," "," 0.12","G","999.9","110000"
"01001099999","2020-01-29","70.9333333","-8.6666667","9.0","JAN MAYEN NOR NAVY, NO","  34.5","24","  29.8","24"," 992.8","24","991.6","24","  7.8"," 6","  5.8","23"," 19.4","999.9","  35.6"," ","  33.6","*"," 0.01","G","999.9","001000"
"01001099999","2020-01-30","70.9333333","-8.6666667","9.0","JAN MAYEN NOR NAVY, NO","  34.0","24","  30.1","24"," 989.1","24","987.9","24","  8.3"," 6"," 11.4","24"," 21.4"," 29.7","  35.8"," ","  32.2"," "," 0.00","G","999.9","011000"
"01001099999","2020-01-31","70.9333333","-8.6666667","9.0","JAN MAYEN NOR NAVY, NO","  32.0","22","  29.9","22"," 984.7","22","983.5","22","  2.2"," 4"," 19.3","22"," 31.1"," 39.0","  35.8"," ","  29.5","*"," 0.03","E","999.9","101000"
"01001099999","2020-02-01","70.9333333","-8.6666667","9.0","JAN MAYEN NOR NAVY, NO","  25.0","22","  20.7","22"," 989.2","22","988.0","22","  7.8"," 4"," 22.3","22"," 31.1"," 42.2","  28.8","*","  23.0","*"," 0.02","E","999.9","001000"
"01001099999","2020-02-02","70.9333333","-8.6666667","9.0","JAN MAYEN NOR NAVY, NO","  18.5","24","  11.5","24"," 999.0","24","997.8","24"," 10.9"," 6"," 13.1","24"," 17.5"," 21.0","  22.3","*","  15.3"," "," 0.06","G","999.9","001000"
"01001099999","2020-02-03","70.9333333","-8.6666667","9.0","JAN MAYEN NOR NAVY, NO","  15.4","23","   8.5","23","1003.9","23","002.7","23","  3.8"," 5"," 14.3","23"," 22.9"," 29.5","  17.8","*","  12.0","*"," 0.01","G","999.9","001000"
"01001099999","2020-02-04","70.9333333","-8.6666667","9.0","JAN MAYEN NOR NAVY, NO","  16.5","23","   6.9","23","1005.2","23","004.0","23","  4.0"," 6"," 14.9","23"," 21.4"," 36.5","  18.1"," ","  12.4"," "," 0.00","G","999.9","001000"
"01001099999","2020-02-05","70.9333333","-8.6666667","9.0","JAN MAYEN NOR NAVY, NO","  17.1","24","   9.6","24","1011.4","24","010.2","24","  7.6"," 6"," 10.6","24"," 23.3"," 36.9","  23.0","*","  14.0"," "," 0.03","G","999.9","001000"
"01001099999","2020-02-06","70.9333333","-8.6666667","9.0","JAN MAYEN NOR NAVY, NO","  33.7","23","  29.7","23","1001.5","23","000.3","23","  4.9"," 5"," 19.3","23"," 31.3"," 47.8","  41.0"," ","  17.8"," "," 0.01","G","999.9","111000"
"01001099999","2020-02-07","70.9333333","-8.6666667","9.0","JAN MAYEN NOR NAVY, NO","  37.1","23","  33.0","22"," 993.2","22","992.1","22","  6.7"," 5"," 16.0","22"," 31.1"," 34.4","  40.8","*","  35.8","*"," 0.24","G","999.9","010000"
"01001099999","2020-02-08","70.9333333","-8.6666667","9.0","JAN MAYEN NOR NAVY, NO","  36.3","23","  35.0","23"," 979.2","23","978.1","23","  1.4"," 5"," 10.9","23"," 15.5"," 18.3","  37.4","*","  35.1"," "," 0.42","G","999.9","110000"
"01001099999","2020-02-09","70.9333333","-8.6666667","9.0","JAN MAYEN NOR NAVY, NO","  35.7","24","  33.0","24"," 960.5","24","959.4","24","  5.3"," 6"," 17.8","24"," 27.2"," 34.8","  38.7"," ","  32.9"," "," 0.37","G","  0.4","010000"
"01001099999","2020-02-10","70.9333333","-8.6666667","9.0","JAN MAYEN NOR NAVY, NO","  32.5","24","  27.7","24"," 965.2","24","964.1","24","  9.3"," 6"," 21.0","24"," 33.8"," 51.1","  36.7"," ","  28.6","*"," 0.02","G","999.9","000000"
"01001099999","2020-02-11","70.9333333","-8.6666667","9.0","JAN MAYEN NOR NAVY, NO","  25.3","22","  20.9","22"," 977.9","22","976.8","22","  5.3"," 4"," 26.8","21"," 31.1"," 43.1","  30.2"," ","  18.3","*"," 0.01","G","999.9","001000"
"01001099999","2020-02-12","70.9333333","-8.6666667","9.0","JAN MAYEN NOR NAVY, NO","  18.4","24","  12.1","24"," 988.3","24","987.1","24","  2.2"," 6"," 21.1","24"," 33.0"," 45.5","  23.2","*","  14.5"," "," 0.06","G","999.9","001000"
"01001099999","2020-02-13","70.9333333","-8.6666667","9.0","JAN MAYEN NOR NAVY, NO","  21.8","23","  15.6","23"," 999.5","23","998.3","23","  3.8"," 5"," 18.4","23"," 25.3"," 38.5","  22.8"," ","  20.5","*"," 0.12","G","999.9","001000"
"01001099999","2020-02-14","70.9333333","-8.6666667","9.0","JAN MAYEN NOR NAVY, NO","  23.8","23","  16.6","23","1003.6","23","002.4","23"," 16.8"," 5"," 15.6","23"," 25.3","999.9","  31.3","*","  18.9","*"," 0.07","G","999.9","000000"
"01001099999","2020-02-15","70.9333333","-8.6666667","9.0","JAN MAYEN NOR NAVY, NO","  33.8","22","  32.1","22"," 982.6","22","981.5","22","  2.1"," 4"," 20.9","22"," 35.4"," 46.6","  36.5","*","  31.3","*"," 0.00","G","999.9","110000"
"01001099999","2020-02-16","70.9333333","-8.6666667","9.0","JAN MAYEN NOR NAVY, NO","  35.6","24","  30.6","24"," 971.2","24","970.1","24","  2.5"," 6"," 26.4","24"," 35.0"," 55.9","  37.4"," ","  33.3","*"," 0.10","G","999.9","000000"
"01001099999","2020-02-17","70.9333333","-8.6666667","9.0","JAN MAYEN NOR NAVY, NO","  30.7","24","  23.5","24"," 979.9","24","978.8","24","  6.9"," 6"," 30.6","24"," 41.6"," 57.1","  35.8"," ","  28.2","*"," 0.00","G","999.9","001000"
"01001099999","2020-02-18","70.9333333","-8.6666667","9.0","JAN MAYEN NOR NAVY, NO","  23.7","24","  17.6","24"," 995.3","24","994.1","24","  9.3"," 6"," 16.3","24"," 23.3"," 30.5","  28.8","*","  17.4"," "," 0.00","G","999.9","001000"
"01001099999","2020-02-19","70.9333333","-8.6666667","9.0","JAN MAYEN NOR NAVY, NO","  24.8","24","  16.6","24"," 996.8","24","995.6","24"," 16.1"," 6","  4.7","24","  9.7"," 12.8","  25.7"," ","  22.6"," "," 0.02","G","999.9","000000"
"01001099999","2020-02-20","70.9333333","-8.6666667","9.0","JAN MAYEN NOR NAVY, NO","  29.5","24","  24.1","24"," 978.4","24","977.3","24"," 12.0"," 6"," 20.6","24"," 36.5"," 52.6","  33.8","*","  22.5"," "," 0.00","G","999.9","010000"
"01001099999","2020-02-21","70.9333333","-8.6666667","9.0","JAN MAYEN NOR NAVY, NO","  26.7","24","  19.8","24"," 970.9","24","969.7","24","  6.7"," 6"," 33.2","24"," 43.5"," 55.2","  28.4","*","  25.3","*"," 0.00","G","999.9","001000"
"01001099999","2020-02-22","70.9333333","-8.6666667","9.0","JAN MAYEN NOR NAVY, NO","  25.1","23","  16.1","23"," 974.6","23","973.4","23","  5.6"," 5"," 22.1","23"," 33.0"," 41.2","  25.7","*","  23.7"," "," 0.00","G","999.9","001000"
"01001099999","2020-02-23","70.9333333","-8.6666667","9.0","JAN MAYEN NOR NAVY, NO","  18.7","22","  12.0","22"," 990.1","22","988.9","22","  7.8"," 4"," 13.5","22"," 23.3"," 25.4","  23.5","*","  15.4","*"," 0.11","G","999.9","001000"
"01001099999","2020-02-24","70.9333333","-8.6666667","9.0","JAN MAYEN NOR NAVY, NO","  16.2","24","   5.6","24","1000.1","24","998.9","24","  7.6"," 6","  9.5","24"," 13.6"," 21.4","  17.4","*","  14.9"," "," 0.03","G","999.9","001000"
"01001099999","2020-02-25","70.9333333","-8.6666667","9.0","JAN MAYEN NOR NAVY, NO","  18.2","24","   9.2","24"," 998.5","24","997.3","24","  6.4"," 6"," 19.4","24"," 33.2"," 41.2","  20.8"," ","  14.4"," "," 0.02","G","999.9","000000"
"01001099999","2020-02-26","70.9333333","-8.6666667","9.0","JAN MAYEN NOR NAVY, NO","  18.5","24","  10.3","24","1002.5","24","001.3","24","  5.4"," 6"," 21.2","24"," 28.4"," 37.1","  21.9"," ","  16.7","*"," 0.02","G","999.9","001000"
"01001099999","2020-02-27","70.9333333","-8.6666667","9.0","JAN MAYEN NOR NAVY, NO","  18.2","24","  10.8","24","1003.3","24","002.1","24","  7.0"," 6"," 17.2","24"," 23.5"," 29.5","  20.3"," ","  15.3"," "," 0.01","G","999.9","001000"
"01001099999","2020-02-28","70.9333333","-8.6666667","9.0","JAN MAYEN NOR NAVY, NO","  17.8","24","   6.0","24","1007.3","24","006.1","24"," 15.5"," 6"," 12.2","24"," 18.5"," 27.6","  20.3","*","  16.2"," "," 0.00","G","999.9","000000"
"01001099999","2020-02-29","70.9333333","-8.6666667","9.0","JAN MAYEN NOR NAVY, NO","  24.1","24","  14.7","24","1006.5","24","005.3","24"," 12.4"," 6"," 19.9","24"," 25.3"," 32.4","  27.7","*","  16.5"," "," 0.00","G","999.9","000000"
"01001099999","2020-03-01","70.9333333","-8.6666667","9.0","JAN MAYEN NOR NAVY, NO","  30.1","24","  19.6","24","1005.5","24","004.3","24"," 10.3"," 6"," 20.0","24"," 26.0"," 31.7","  32.4"," ","  26.2"," "," 0.00","G","999.9","001000"
"01001099999","2020-03-02","70.9333333","-8.6666667","9.0","JAN MAYEN NOR NAVY, NO","  31.8","24","  22.7","24","1010.4","24","009.2","24"," 18.1"," 6"," 10.9","24"," 15.5"," 18.1","  33.1"," ","  29.7"," "," 0.00","E","999.9","000000"
"01001099999","2020-03-03","70.9333333","-8.6666667","9.0","JAN MAYEN NOR NAVY, NO","  33.8","24","  27.1","24","1010.6","24","009.4","24"," 10.5"," 6"," 15.6","24"," 22.1"," 31.3","  35.1"," ","  31.6"," "," 0.00","G","999.9","011000"
"01001099999","2020-03-04","70.9333333","-8.6666667","9.0","JAN MAYEN NOR NAVY, NO","  34.4","23","  32.9","23"," 994.8","23","993.6","23","  3.0"," 5","  8.2","23"," 19.4"," 23.1","  36.5"," ","  33.3","*"," 0.07","G","999.9","110000"
"01001099999","2020-03-05","70.9333333","-8.6666667","9.0","JAN MAYEN NOR NAVY, NO","  30.2","24","  27.7","24"," 992.7","24","991.5","24","  9.3"," 6"," 12.7","23"," 26.6"," 33.8","  33.1","*","  26.6","*"," 0.08","G","999.9","000000"
"01001099999","2020-03-06","70.9333333","-8.6666667","9.0","JAN MAYEN NOR NAVY, NO","  23.1","23","  19.6","23"," 996.9","23","995.7","23","  4.5"," 5"," 24.2","23"," 26.8"," 38.1","  26.2","*","  19.4"," "," 0.00","G","999.9","100000"
"01001099999","2020-03-07","70.9333333","-8.6666667","9.0","JAN MAYEN NOR NAVY, NO","  17.6","24","  10.7","24","1002.3","24","001.1","24","  7.8"," 6"," 13.6","24"," 19.4"," 32.4","  20.7"," ","  16.0"," "," 0.02","G","999.9","010000"
"01001099999","2020-03-08","70.9333333","-8.6666667","9.0","JAN MAYEN NOR NAVY, NO","  18.7","24","  13.0","24"," 996.5","24","995.3","24","  4.5"," 6"," 25.3","24"," 33.4"," 47.6","  23.5","*","  15.1"," "," 0.01","G","999.9","001000"
"01001099999","2020-03-09","70.9333333","-8.6666667","9.0","JAN MAYEN NOR NAVY, NO","  15.4","24","   9.0","24","1002.5","24","001.3","24","  6.7"," 6"," 22.5","24"," 33.0"," 46.0","  23.4"," ","  12.2"," "," 0.02","G","999.9","001000"
"01001099999","2020-03-10","70.9333333","-8.6666667","9.0","JAN MAYEN NOR NAVY, NO","  20.3","24","  12.5","24","1001.4","24","000.2","24"," 15.0"," 6","  8.1","24"," 13.6"," 19.0","  25.2"," ","  13.1"," "," 0.00","G","999.9","000000"
"01001099999","2020-03-11","70.9333333","-8.6666667","9.0","JAN MAYEN NOR NAVY, NO","  18.0","23","  12.7","23"," 998.0","23","996.8","23","  8.1"," 5"," 18.9","23"," 33.4"," 44.9","  25.2"," ","   8.6"," "," 0.00","G","999.9","000000"
"01001099999","2020-03-12","70.9333333","-8.6666667","9.0","JAN MAYEN NOR NAVY, NO","   8.9","24","   1.5","24","1007.2","24","006.0","24","  2.0"," 6"," 18.6","24"," 22.1"," 36.3","  11.7"," ","   6.6"," "," 0.03","G","999.9","001000"
"01001099999","2020-03-13","70.9333333","-8.6666667","9.0","JAN MAYEN NOR NAVY, NO","  12.0","23","   2.1","23","1015.8","23","014.6","23","  4.7"," 5"," 10.6","23"," 18.6"," 37.9","  13.8"," ","   8.6"," "," 0.03","G","999.9","001000"
"01001099999","2020-03-14","70.9333333","-8.6666667","9.0","JAN MAYEN NOR NAVY, NO","  15.0","24","   6.3","24","1006.4","24","005.2","24"," 12.0"," 6"," 11.1","24"," 15.5"," 24.9","  16.3"," ","  10.4"," "," 0.01","G","999.9","000000"
"01001099999","2020-03-15","70.9333333","-8.6666667","9.0","JAN MAYEN NOR NAVY, NO","  17.1","24","  11.2","24"," 995.8","23","994.6","23","  9.9"," 6"," 11.8","23"," 37.1"," 54.6","  25.3","*","  13.1"," "," 0.20","G","999.9","001000"
"01001099999","2020-03-16","70.9333333","-8.6666667","9.0","JAN MAYEN NOR NAVY, NO","  14.8","24","  11.6","24"," 998.4","24","997.2","24","  5.3"," 6"," 16.3","24"," 32.6"," 51.5","  26.2"," ","  11.8"," "," 0.17","G","999.9","001000"
"01001099999","2020-03-17","70.9333333","-8.6666667","9.0","JAN MAYEN NOR NAVY, NO","  20.2","23","  14.1","23"," 994.2","23","993.0","23","  7.1"," 5"," 24.7","23"," 37.1"," 52.1","  22.8"," ","  15.1"," "," 0.04","G","999.9","000000"
"01001099999","2020-03-18","70.9333333","-8.6666667","9.0","JAN MAYEN NOR NAVY, NO","  19.2","23","  10.8","23","1012.9","23","011.7","23","  9.4"," 5"," 16.8","23"," 25.8"," 35.4","  22.1"," ","  17.2"," "," 0.01","G","999.9","001000"
"01001099999","2020-03-19","70.9333333","-8.6666667","9.0","JAN MAYEN NOR NAVY, NO","  17.6","24","   9.3","24","1025.4","24","024.2","24","  6.5"," 6","  9.7","24"," 15.9"," 23.9","  19.2"," ","  14.5"," "," 0.00","G","999.9","011000"
"01001099999","2020-03-20","70.9333333","-8.6666667","9.0","JAN MAYEN NOR NAVY, NO","  22.1","24","  16.0","24","1023.8","24","022.6","24"," 10.5"," 6","  5.9","24"," 16.1"," 22.0","  33.1","*","  10.2"," "," 0.02","G","999.9","001000"
"01001099999","2020-03-21","70.9333333","-8.6666667","9.0","JAN MAYEN NOR NAVY, NO","  34.2","24","  31.9","24","1004.6","24","003.4","24","  4.2"," 6"," 13.7","24"," 23.9"," 31.3","  35.6"," ","  30.0"," "," 0.01","G","999.9","000000"
"01001099999","2020-03-22","70.9333333","-8.6666667","9.0","JAN MAYEN NOR NAVY, NO","  29.7","24","  23.8","24"," 994.9","24","993.7","24","  7.0"," 6"," 12.8","24"," 21.8"," 37.1","  31.5","*","  26.4"," "," 0.01","G","999.9","001000"
"01001099999","2020-03-23","70.9333333","-8.6666667","9.0","JAN MAYEN NOR NAVY, NO","  33.9","24","  32.3","24"," 976.0","24","974.9","24","  2.0"," 6"," 16.4","24"," 23.3"," 28.4","  36.1"," ","  27.7"," "," 0.22","G","999.9","011000"
"01001099999","2020-03-24","70.9333333","-8.6666667","9.0","JAN MAYEN NOR NAVY, NO","  27.6","24","  23.9","24"," 979.6","24","978.4","24","  2.6"," 6"," 16.6","24"," 32.1"," 43.1","  32.4","*","  22.3","*"," 0.18","G","999.9","011000"
"01001099999","2020-03-25","70.9333333","-8.6666667","9.0","JAN MAYEN NOR NAVY, NO","  21.2","24","  14.5","24","1001.8","24","000.6","24"," 10.9"," 6","  5.3","24"," 13.6","999.9","  23.5","*","  19.2"," "," 0.15","G","999.9","001000"
"01001099999","2020-03-26","70.9333333","-8.6666667","9.0","JAN MAYEN NOR NAVY, NO","  26.4","24","  22.1","24","1000.9","24","999.7","24"," 10.7"," 6","  7.5","24"," 22.7"," 28.4","  28.4","*","  21.9"," "," 0.02","G","999.9","101000"
"01001099999","2020-03-27","70.9333333","-8.6666667","9.0","JAN MAYEN NOR NAVY, NO","  17.4","24","   9.5","24","1019.1","24","017.9","24","  2.4"," 6"," 18.9","24"," 24.3"," 39.2","  27.1"," ","  14.0","*"," 0.11","G","999.9","000000"
"01001099999","2020-03-28","70.9333333","-8.6666667","9.0","JAN MAYEN NOR NAVY, NO","  21.5","24","  10.1","24","1030.7","24","029.5","24"," 10.1"," 6","  8.8","24"," 17.3"," 33.8","  27.5","*","  15.1"," "," 0.02","G","999.9","000000"
"01001099999","2020-03-29","70.9333333","-8.6666667","9.0","JAN MAYEN NOR NAVY, NO","  26.7","24","  17.7","24","1028.3","24","027.1","24"," 36.2"," 6","  8.1","24"," 16.9"," 20.8","  30.4"," ","  23.4"," "," 0.00","G","999.9","000000"
"01001099999","2020-03-30","70.9333333","-8.6666667","9.0","JAN MAYEN NOR NAVY, NO","  30.1","24","  26.9","24","1007.0","24","005.8","24","  5.3"," 6"," 21.2","24"," 37.5"," 47.0","  34.0"," ","  22.5"," "," 0.00","G","999.9","111000"
"01001099999","2020-03-31","70.9333333","-8.6666667","9.0","JAN MAYEN NOR NAVY, NO","  21.6","24","  16.7","24","1011.8","24","010.6","24","  7.0"," 6"," 22.4","24"," 28.4"," 49.3","  27.7"," ","  18.7"," "," 0.01","G","999.9","010000"
"01001099999","2020-04-01","70.9333333","-8.6666667","9.0","JAN MAYEN NOR NAVY, NO","  28.8","24","  24.9","24","1002.6","24","001.4","24","  4.8"," 6"," 18.2","24"," 26.4"," 40.2","  32.2"," ","  23.0","*"," 0.04","G","999.9","001000"
"01001099999","2020-04-02","70.9333333","-8.6666667","9.0","JAN MAYEN NOR NAVY, NO","  20.4","24","  14.4","24","1006.4","24","005.2","24","  3.3"," 6"," 20.9","24"," 27.8"," 38.7","  29.8"," ","  18.5","*"," 0.07","G","999.9","001000"
"01001099999","2020-04-03","70.9333333","-8.6666667","9.0","JAN MAYEN NOR NAVY, NO","  13.6","24","   8.0","24","1011.4","24","010.2","24","  1.2"," 6"," 26.6","24"," 34.4"," 47.6","  21.7"," ","  10.0"," "," 0.03","G","999.9","100000"
"01001099999","2020-04-04","70.9333333","-8.6666667","9.0","JAN MAYEN NOR NAVY, NO","  10.3","24","   3.6","24","1017.2","24","016.0","24","  1.5"," 6"," 17.4","24"," 25.1"," 45.1","  13.1","*","   8.2"," "," 0.06","G","999.9","001000"
"01001099999","2020-04-05","70.9333333","-8.6666667","9.0","JAN MAYEN NOR NAVY, NO","  23.3","24","  19.3","24","1018.6","24","017.4","24","  3.6"," 6"," 18.0","24"," 25.6"," 34.6","  31.6","*","  12.9"," "," 0.09","G","999.9","001000"
"01001099999","2020-04-06","70.9333333","-8.6666667","9.0","JAN MAYEN NOR NAVY, NO","  34.0","23","  31.6","23"," 995.2","23","994.0","23","  4.6"," 6"," 26.1","23"," 33.2"," 49.3","  38.5"," ","  28.6"," "," 0.10","G","999.9","010000"
"01001099999","2020-04-07","70.9333333","-8.6666667","9.0","JAN MAYEN NOR NAVY, NO","  32.5","24","  30.0","24"," 991.0","24","989.8","24","  2.7"," 6"," 16.2","24"," 35.7"," 47.8","  38.1"," ","  27.1","*"," 0.21","G","999.9","111000"
"01001099999","2020-04-08","70.9333333","-8.6666667","9.0","JAN MAYEN NOR NAVY, NO","  24.6","23","  17.9","23","1008.8","23","007.6","23","  5.1"," 6"," 21.9","23"," 33.6"," 48.6","  26.6","*","  22.3","*"," 0.06","G","999.9","001000"
"01001099999","2020-04-09","70.9333333","-8.6666667","9.0","JAN MAYEN NOR NAVY, NO","  23.8","24","  14.0","24","1021.1","24","019.9","24"," 15.1"," 6","  5.7","24","  9.9"," 20.8","  25.9"," ","  21.4"," "," 0.01","G","999.9","001000"
"01001099999","2020-04-10","70.9333333","-8.6666667","9.0","JAN MAYEN NOR NAVY, NO","  28.8","24","  20.0","24","1019.7","24","018.5","24"," 39.9"," 6"," 13.8","24"," 25.1"," 31.3","  31.6","*","  24.6"," "," 0.00","G","999.9","000000"
"01001099999","2020-04-11","70.9333333","-8.6666667","9.0","JAN MAYEN NOR NAVY, NO","  26.4","24","  18.1","24","1018.5","24","017.3","24"," 15.6"," 6"," 17.3","24"," 29.1"," 40.4","  30.9"," ","  20.8"," ","99.99"," ","999.9","001000"
"01001099999","2020-04-12","70.9333333","-8.6666667","9.0","JAN MAYEN NOR NAVY, NO","  21.9","24","  11.6","24","1025.8","24","024.6","24"," 27.4"," 6"," 11.6","24"," 24.5"," 35.4","  25.9","*","  19.4"," ","99.99"," ","999.9","001000"
"01001099999","2020-04-13","70.9333333","-8.6666667","9.0","JAN MAYEN NOR NAVY, NO","  32.5","24","  28.2","24","1004.9","24","003.7","24"," 16.2"," 6"," 23.0","24"," 35.0"," 47.0","  37.8","*","  23.4"," "," 0.69","E","999.9","011000"
"01001099999","2020-04-14","70.9333333","-8.6666667","9.0","JAN MAYEN NOR NAVY, NO","  28.6","24","  23.5","24"," 984.9","24","983.8","24","  7.6"," 6"," 19.6","24"," 39.0"," 52.3","  36.0"," ","  21.0"," "," 0.14","F","999.9","001000"
"01001099999","2020-04-15","70.9333333","-8.6666667","9.0","JAN MAYEN NOR NAVY, NO","  25.2","24","  19.1","24"," 992.8","24","991.6","24","  3.5"," 6"," 16.8","24"," 24.5"," 48.0","  27.1","*","  21.9"," "," 0.08","F","999.9","001000"
"01001099999","2020-04-16","70.9333333","-8.6666667","9.0","JAN MAYEN NOR NAVY, NO","  31.0","24","  23.5","24","1007.8","24","006.6","24"," 35.7"," 6"," 10.7","24"," 18.1"," 44.5","  35.8"," ","  25.7"," "," 0.00","I","999.9","000000"
"01001099999","2020-04-17","70.9333333","-8.6666667","9.0","JAN MAYEN NOR NAVY, NO","  37.9","24","  34.3","24","1009.8","24","008.6","24"," 11.9"," 6"," 20.7","24"," 29.9"," 40.0","  41.9","*","  31.5"," "," 0.00","G","999.9","010000"
"01001099999","2020-04-18","70.9333333","-8.6666667","9.0","JAN MAYEN NOR NAVY, NO","  37.2","24","  34.4","24","1013.7","24","012.5","24","  7.3"," 6"," 13.2","24"," 30.9"," 45.3","  47.1"," ","  34.0"," "," 0.00","G","999.9","110000"
"01001099999","2020-04-19","70.9333333","-8.6666667","9.0","JAN MAYEN NOR NAVY, NO","  38.5","24","  23.1","24","1015.6","24","014.4","24"," 28.6"," 6"," 17.6","24"," 30.9"," 43.3","  42.1"," ","  33.6"," "," 0.00","G","999.9","100000"
"01001099999","2020-04-20","70.9333333","-8.6666667","9.0","JAN MAYEN NOR NAVY, NO","  35.8","24","  30.7","24","1026.9","24","025.7","24"," 13.7"," 6","  4.8","24"," 10.5"," 31.5","  42.3"," ","  34.2","*","99.99"," ","999.9","110000"
"01001099999","2020-04-21","70.9333333","-8.6666667","9.0","JAN MAYEN NOR NAVY, NO","  36.1","24","  30.8","24","1033.5","24","032.3","24"," 14.6"," 6","  4.2","24","  7.4"," 16.5","  37.6","*","  34.2"," "," 0.00","I","999.9","100000"
"01001099999","2020-04-22","70.9333333","-8.6666667","9.0","JAN MAYEN NOR NAVY, NO","  34.0","24","  33.1","24","1025.7","24","024.5","24","  0.6"," 6","  6.1","24"," 14.6"," 22.9","  35.8","*","  32.5"," "," 0.02","G","999.9","110000"
"01001099999","2020-04-23","70.9333333","-8.6666667","9.0","JAN MAYEN NOR NAVY, NO","  33.0","24","  30.5","24","1021.3","24","020.1","24","  3.8"," 6","  8.9","24"," 26.6"," 34.6","  36.1"," ","  29.3","*"," 0.00","G","999.9","110000"
"01001099999","2020-04-24","70.9333333","-8.6666667","9.0","JAN MAYEN NOR NAVY, NO","  29.8","23","  28.1","23","1019.9","23","018.7","23","  5.1"," 6","  6.7","23"," 20.8"," 25.6","  32.0"," ","  27.5"," "," 0.00","G","999.9","111000"
"01001099999","2020-04-25","70.9333333","-8.6666667","9.0","JAN MAYEN NOR NAVY, NO","  28.4","24","  24.8","24","1024.7","24","023.5","24"," 13.4"," 6"," 15.2","24"," 19.0"," 28.9","  30.2"," ","  26.2","*"," 0.00","G","999.9","001000"
"01001099999","2020-04-26","70.9333333","-8.6666667","9.0","JAN MAYEN NOR NAVY, NO","  27.6","24","  23.9","24","1025.3","24","024.1","24"," 24.9"," 6","  4.6","24","  9.3"," 15.5","  30.0"," ","  24.4"," "," 0.00","G","999.9","000000"
"01001099999","2020-04-27","70.9333333","-8.6666667","9.0","JAN MAYEN NOR NAVY, NO","  32.4","24","  28.0","24","1019.1","24","017.9","24"," 10.0"," 6","  6.9","24"," 16.5"," 27.4","  36.5","*","  28.4"," ","99.99"," ","999.9","111000"
"01001099999","2020-04-28","70.9333333","-8.6666667","9.0","JAN MAYEN NOR NAVY, NO","  30.6","24","  27.5","24","1011.0","24","009.8","24"," 23.3"," 6","  5.1","24","  8.4"," 25.8","  33.6"," ","  28.6"," "," 0.00","I","999.9","000000"
"01001099999","2020-04-29","70.9333333","-8.6666667","9.0","JAN MAYEN NOR NAVY, NO","  35.6","24","  32.3","24","1009.8","24","008.6","24"," 13.6"," 6","  6.6","24"," 11.1"," 17.7","  38.1"," ","  28.6"," "," 0.01","G","999.9","011000"
"01001099999","2020-04-30","70.9333333","-8.6666667","9.0","JAN MAYEN NOR NAVY, NO","  31.2","24","  27.5","24","1014.1","24","012.9","24"," 10.9"," 6"," 16.8","24"," 26.6"," 31.9","  37.2"," ","  28.2"," "," 0.00","G","999.9","001000"
"01001099999","2020-05-01","70.9333333","-8.6666667","9.0","JAN MAYEN NOR NAVY, NO","  28.1","24","  24.5","24","1014.8","24","013.6","24"," 22.8"," 6"," 13.1","24"," 19.6"," 26.2","  29.3"," ","  26.6"," "," 0.00","G","999.9","011000"
"01001099999","2020-05-02","70.9333333","-8.6666667","9.0","JAN MAYEN NOR NAVY, NO","  27.7","24","  20.8","24","1016.4","24","015.2","24"," 43.5"," 6"," 11.0","24"," 17.1"," 23.7","  29.3"," ","  26.2"," "," 0.00","G","999.9","000000"
"01001099999","2020-05-03","70.9333333","-8.6666667","9.0","JAN MAYEN NOR NAVY, NO","  28.2","24","  19.9","24","1016.7","24","015.5","24"," 46.6"," 6","  5.5","24"," 12.4"," 15.9","  31.3","*","  26.4"," "," 0.00","I","999.9","000000"
"01001099999","2020-05-04","70.9333333","-8.6666667","9.0","JAN MAYEN NOR NAVY, NO","  34.0","24","  31.6","24","1000.8","24","999.6","24","  7.9"," 6"," 18.8","24"," 28.2"," 37.5","  35.8"," ","  28.2"," "," 0.05","G","999.9","010000"
"01001099999","2020-05-05","70.9333333","-8.6666667","9.0","JAN MAYEN NOR NAVY, NO","  28.0","24","  23.9","24"," 995.6","24","994.4","24","  3.2"," 6"," 16.0","24"," 23.5"," 49.0","  35.8"," ","  24.8"," "," 0.41","G","999.9","011000"
"01001099999","2020-05-06","70.9333333","-8.6666667","9.0","JAN MAYEN NOR NAVY, NO","  28.5","24","  22.6","24","1016.3","24","015.1","24"," 28.0"," 6"," 14.9","24"," 32.8"," 42.9","  30.0"," ","  27.0"," "," 0.11","G","999.9","001000"
"01001099999","2020-05-07","70.9333333","-8.6666667","9.0","JAN MAYEN NOR NAVY, NO","  29.0","24","  22.4","24","1017.3","24","016.1","24"," 32.5"," 6","  9.9","24"," 16.5"," 23.1","  33.4"," ","  24.4"," "," 0.01","G","999.9","001000"
"01001099999","2020-05-08","70.9333333","-8.6666667","9.0","JAN MAYEN NOR NAVY, NO","  21.1","24","  12.7","24","1019.7","24","018.5","24"," 13.5"," 6"," 17.8","24"," 22.0"," 36.3","  26.1"," ","  18.5"," "," 0.00","G","999.9","011100"
"01001099999","2020-05-09","70.9333333","-8.6666667","9.0","JAN MAYEN NOR NAVY, NO","  21.3","24","  14.9","24","1021.3","24","020.1","24","  2.4"," 6"," 22.6","24"," 26.4"," 46.6","  22.5"," ","  18.5"," "," 0.06","G","999.9","001000"
"01001099999","2020-05-10","70.9333333","-8.6666667","9.0","JAN MAYEN NOR NAVY, NO","  22.2","24","  16.1","24","1022.8","24","021.6","24"," 10.7"," 6"," 16.3","24"," 28.7"," 36.5","  23.0"," ","  20.5"," "," 0.05","G","999.9","001000"
"01001099999","2020-05-11","70.9333333","-8.6666667","9.0","JAN MAYEN NOR NAVY, NO","  20.1","24","  13.1","24","1024.7","24","023.5","24","  9.0"," 6"," 21.5","24"," 27.6"," 40.6","  23.0"," ","  17.6"," "," 0.01","G","999.9","001000"
"01001099999","2020-05-12","70.9333333","-8.6666667","9.0","JAN MAYEN NOR NAVY, NO","  25.0","24","  16.2","24","1018.6","24","017.4","24"," 31.0"," 6"," 14.5","24"," 20.4"," 38.5","  28.8"," ","  20.1"," "," 0.02","G","999.9","001000"
"01001099999","2020-05-13","70.9333333","-8.6666667","9.0","JAN MAYEN NOR NAVY, NO","  24.8","24","  17.4","24","1009.2","24","008.0","24"," 14.0"," 6"," 16.2","24"," 22.3"," 41.2","  27.9"," ","  23.2"," "," 0.00","G","999.9","001000"
"01001099999","2020-05-14","70.9333333","-8.6666667","9.0","JAN MAYEN NOR NAVY, NO","  29.3","24","  26.1","24","1004.0","24","002.8","24","  2.4"," 6"," 13.3","24"," 22.3"," 40.6","  31.3"," ","  26.6","*"," 0.06","G","999.9","001000"
"01001099999","2020-05-15","70.9333333","-8.6666667","9.0","JAN MAYEN NOR NAVY, NO","  30.2","24","  28.2","24","1008.9","24","007.7","24","  1.7"," 6"," 26.9","24"," 36.7"," 51.9","  32.0","*","  28.9","*"," 0.06","G","999.9","001000"
"01001099999","2020-05-16","70.9333333","-8.6666667","9.0","JAN MAYEN NOR NAVY, NO","  33.7","24","  31.2","24","1012.2","24","011.0","24","  5.4"," 6"," 24.3","24"," 31.7"," 47.8","  35.6"," ","  29.5"," "," 0.21","G","999.9","100000"
"01001099999","2020-05-17","70.9333333","-8.6666667","9.0","JAN MAYEN NOR NAVY, NO","  36.8","24","  24.7","24","1023.3","24","022.1","24"," 12.4"," 6"," 18.9","24"," 26.8"," 37.1","  39.9"," ","  33.3"," "," 0.00","G","999.9","100000"
"01001099999","2020-05-18","70.9333333","-8.6666667","9.0","JAN MAYEN NOR NAVY, NO","  29.9","24","  26.5","24","1018.9","24","017.7","24"," 12.2"," 6","  9.9","24"," 28.9"," 33.0","  36.9"," ","  26.8"," "," 0.00","G","999.9","101000"
"01001099999","2020-05-19","70.9333333","-8.6666667","9.0","JAN MAYEN NOR NAVY, NO","  29.6","24","  26.3","24","1018.1","24","016.8","24"," 22.8"," 6"," 16.8","24"," 22.7"," 34.4","  30.7"," ","  26.6"," "," 0.01","G","999.9","001000"
"01001099999","2020-05-20","70.9333333","-8.6666667","9.0","JAN MAYEN NOR NAVY, NO","  31.6","24","  28.9","24","1020.6","24","019.4","24"," 23.3"," 6","  7.1","24"," 11.7"," 18.3","  34.2"," ","  29.3"," "," 0.00","G","999.9","100000"
"01001099999","2020-05-21","70.9333333","-8.6666667","9.0","JAN MAYEN NOR NAVY, NO","  35.4","24","  33.2","24","1014.4","24","013.2","24"," 11.6"," 6"," 11.1","24"," 18.6"," 24.5","  37.4","*","  32.5"," "," 0.00","G","999.9","010000"
"01001099999","2020-05-22","70.9333333","-8.6666667","9.0","JAN MAYEN NOR NAVY, NO","  33.9","24","  32.0","24","1007.5","24","006.3","24","  4.5"," 6","  4.3","24","  7.6"," 15.9","  38.1"," ","  30.7"," "," 0.14","G","999.9","100000"
"01001099999","2020-05-23","70.9333333","-8.6666667","9.0","JAN MAYEN NOR NAVY, NO","  30.7","24","  27.4","24","1001.6","24","000.4","24"," 12.7"," 6"," 19.0","24"," 29.5"," 39.8","  35.8"," ","  28.9"," "," 0.00","G","999.9","101000"
"01001099999","2020-05-24","70.9333333","-8.6666667","9.0","JAN MAYEN NOR NAVY, NO","  32.4","24","  29.5","24","1004.1","24","002.9","24"," 15.9"," 6"," 16.6","24"," 26.6"," 37.9","  34.5"," ","  30.6"," "," 0.01","G","999.9","001000"
"01001099999","2020-05-25","70.9333333","-8.6666667","9.0","JAN MAYEN NOR NAVY, NO","  34.9","24","  33.6","24","1003.3","24","002.1","24","  5.2"," 6","  8.1","24"," 18.6"," 24.7","  37.8"," ","  31.3"," "," 0.00","G","999.9","110000"
"01001099999","2020-05-26","70.9333333","-8.6666667","9.0","JAN MAYEN NOR NAVY, NO","  36.3","24","  34.9","24"," 998.0","24","996.8","24","  4.6"," 6","  6.3","24"," 14.2"," 18.1","  39.9"," ","  34.7","*"," 0.08","G","999.9","110000"
"01001099999","2020-05-27","70.9333333","-8.6666667","9.0","JAN MAYEN NOR NAVY, NO","  33.7","24","  31.5","24","1006.8","24","005.6","24","  7.1"," 6"," 11.8","24"," 32.6"," 38.5","  37.4","*","  30.4"," "," 0.10","G","999.9","011000"
"01001099999","2020-05-28","70.9333333","-8.6666667","9.0","JAN MAYEN NOR NAVY, NO","  36.5","24","  34.1","24","1011.4","24","010.1","24","  3.2"," 6"," 12.4","24"," 22.5"," 28.7","  42.6"," ","  30.7"," "," 0.05","G","999.9","110000"
"01001099999","2020-05-29","70.9333333","-8.6666667","9.0","JAN MAYEN NOR NAVY, NO","  34.5","24","  31.8","24","1019.1","24","017.9","24"," 14.5"," 6","  7.2","24"," 16.5"," 22.1","  39.6","*","  29.7"," "," 0.00","G","999.9","110000"
"01001099999","2020-05-30","70.9333333","-8.6666667","9.0","JAN MAYEN NOR NAVY, NO","  36.5","24","  36.2","24","1017.7","24","016.5","24","  0.1"," 6"," 10.1","24"," 14.8"," 19.4","  38.3","*","  34.2","*"," 0.08","G","999.9","110000"
"01001099999","2020-05-31","70.9333333","-8.6666667","9.0","JAN MAYEN NOR NAVY, NO","  36.2","24","  35.8","24","1019.1","24","017.9","24","  0.2"," 6","  5.1","24","  7.2"," 10.9","  38.3"," ","  34.0","*"," 0.01","G","999.9","100000"
"01001099999","2020-06-01","70.9333333","-8.6666667","9.0","JAN MAYEN NOR NAVY, NO","  39.1","24","  36.1","24","1013.9","24","012.7","24"," 17.0"," 6"," 10.3","24"," 23.1"," 28.9","  44.8"," ","  33.1","*"," 0.07","G","999.9","110000"
"01001099999","2020-06-02","70.9333333","-8.6666667","9.0","JAN MAYEN NOR NAVY, NO","  33.1","24","  29.7","24","1018.7","24","017.5","24","  6.4"," 6"," 17.1","24"," 29.3"," 36.7","  37.4"," ","  30.7"," "," 0.03","G","999.9","101000"
"01001099999","2020-06-03","70.9333333","-8.6666667","9.0","JAN MAYEN NOR NAVY, NO","  32.4","24","  30.4","24","1021.5","24","020.3","24"," 19.7"," 6","  5.1","24"," 11.7"," 14.0","  36.5"," ","  28.9","*"," 0.01","G","999.9","100000"
"01001099999","2020-06-04","70.9333333","-8.6666667","9.0","JAN MAYEN NOR NAVY, NO","  33.0","22","  28.8","22","1020.8","22","019.7","22"," 16.9"," 5"," 13.3","22"," 21.4"," 31.1","  35.8"," ","  28.6"," "," 0.00","G","999.9","101000"
"01001099999","2020-06-05","70.9333333","-8.6666667","9.0","JAN MAYEN NOR NAVY, NO","  34.9","24","  31.7","24","1019.3","24","018.1","24"," 13.7"," 6"," 17.2","24"," 28.6"," 41.2","  40.1"," ","  31.8"," ","99.99"," ","999.9","010000"
"01001099999","2020-06-06","70.9333333","-8.6666667","9.0","JAN MAYEN NOR NAVY, NO","  32.5","24","  30.7","24","1013.9","24","012.7","24","  4.9"," 6"," 22.6","24"," 26.4"," 36.5","  36.9"," ","  29.8"," "," 0.00","G","999.9","111000"
"01001099999","2020-06-07","70.9333333","-8.6666667","9.0","JAN MAYEN NOR NAVY, NO","  29.2","24","  25.7","24","1011.8","24","010.6","24","  7.4"," 6"," 19.7","24"," 25.1"," 32.8","  32.9"," ","  27.3"," "," 0.06","G","999.9","001000"
"01001099999","2020-06-08","70.9333333","-8.6666667","9.0","JAN MAYEN NOR NAVY, NO","  32.2","24","  28.2","24","1016.0","24","014.8","24"," 28.5"," 6","  7.2","24"," 17.3"," 23.7","  36.0","*","  28.0"," "," 0.01","G","999.9","000000"
"01001099999","2020-06-09","70.9333333","-8.6666667","9.0","JAN MAYEN NOR NAVY, NO","  38.6","24","  37.8","24","1016.9","24","015.7","24","  1.4"," 6","  5.9","24"," 11.1"," 15.9","  39.7"," ","  36.0"," "," 0.24","G","999.9","010000"
"01001099999","2020-06-10","70.9333333","-8.6666667","9.0","JAN MAYEN NOR NAVY, NO","  38.2","24","  37.1","24","1028.4","24","027.2","24","  1.6"," 6","  4.0","24","  6.4"," 10.1","  40.1"," ","  36.9","*"," 0.20","G","999.9","100000"
"01001099999","2020-06-11","70.9333333","-8.6666667","9.0","JAN MAYEN NOR NAVY, NO","  38.0","24","  37.0","24","1025.7","24","024.5","24","  0.3"," 6"," 11.5","24"," 21.2"," 24.5","  39.2"," ","  36.7"," "," 0.01","G","999.9","110000"
"01001099999","2020-06-12","70.9333333","-8.6666667","9.0","JAN MAYEN NOR NAVY, NO","  39.8","24","  37.0","24","1019.6","24","018.4","24","  9.9"," 6"," 11.6","24"," 22.9"," 28.0","  44.8"," ","  36.1"," "," 0.00","G","999.9","000000"
"01001099999","2020-06-13","70.9333333","-8.6666667","9.0","JAN MAYEN NOR NAVY, NO","  38.1","24","  35.7","24","1012.3","24","011.1","24","  7.5"," 6"," 15.2","24"," 30.9"," 38.5","  41.4"," ","  36.1"," "," 0.04","G","999.9","110000"
"01001099999","2020-06-14","70.9333333","-8.6666667","9.0","JAN MAYEN NOR NAVY, NO","  37.2","24","  33.3","24","1016.1","24","014.9","24"," 13.7"," 6"," 11.6","24"," 31.5"," 46.6","  41.7"," ","  32.5"," "," 0.00","G","999.9","010000"
"01001099999","2020-06-15","70.9333333","-8.6666667","9.0","JAN MAYEN NOR NAVY, NO","  39.5","24","  37.7","24","1019.1","24","017.9","24"," 22.8"," 6","  6.5","24"," 14.4"," 18.1","  41.7"," ","  38.1"," "," 0.00","G","999.9","100000"
"01001099999","2020-06-16","70.9333333","-8.6666667","9.0","JAN MAYEN NOR NAVY, NO","  38.4","24","  37.9","24","1014.4","24","013.2","24","  1.0"," 6","  7.8","24"," 16.1"," 19.0","  40.1","*","  36.9","*"," 0.39","G","999.9","110000"
"01001099999","2020-06-17","70.9333333","-8.6666667","9.0","JAN MAYEN NOR NAVY, NO","  37.5","24","  33.9","24","1018.2","24","017.0","24"," 24.0"," 6"," 14.7","24"," 26.8"," 37.1","  40.6"," ","  34.7"," "," 0.16","G","999.9","100000"
"01001099999","2020-06-18","70.9333333","-8.6666667","9.0","JAN MAYEN NOR NAVY, NO","  35.2","24","  34.0","24","1023.1","24","021.9","24","  1.2"," 6","  4.7","24","  9.1"," 30.7","  39.4"," ","  32.4","*"," 0.00","G","999.9","100000"
"01001099999","2020-06-19","70.9333333","-8.6666667","9.0","JAN MAYEN NOR NAVY, NO","  38.8","24","  37.0","24","1024.2","24","023.0","24"," 12.5"," 6","  7.4","24"," 10.9"," 14.0","  43.0"," ","  32.2","*"," 0.00","I","999.9","100000"
"01001099999","2020-06-20","70.9333333","-8.6666667","9.0","JAN MAYEN NOR NAVY, NO","  42.9","24","  40.4","24","1020.0","24","018.8","24"," 18.1"," 6","  4.9","24","  9.7"," 13.6","  45.9"," ","  38.8"," "," 0.00","I","999.9","100000"
"01001099999","2020-06-21","70.9333333","-8.6666667","9.0","JAN MAYEN NOR NAVY, NO","  44.4","24","  42.0","24","1017.2","24","016.0","24"," 13.1"," 6","  4.1","24","  7.6"," 16.1","  48.7"," ","  40.8"," ","99.99"," ","999.9","110000"
"01001099999","2020-06-22","70.9333333","-8.6666667","9.0","JAN MAYEN NOR NAVY, NO","  43.7","24","  42.3","24","1010.5","24","009.3","24","  5.3"," 6","  3.7","24","  7.4"," 21.4","  51.3","*","  40.3"," "," 0.05","G","999.9","110000"
"01001099999","2020-06-23","70.9333333","-8.6666667","9.0","JAN MAYEN NOR NAVY, NO","  41.5","24","  40.7","24","1008.6","24","007.4","24","  2.4"," 6","  8.5","24"," 14.6"," 18.6","  43.7"," ","  39.4"," "," 0.10","G","999.9","110000"
"01001099999","2020-06-24","70.9333333","-8.6666667","9.0","JAN MAYEN NOR NAVY, NO","  40.7","24","  40.3","24","1013.6","24","012.4","24","  1.3"," 6","  8.7","24"," 14.8"," 17.7","  42.4"," ","  38.5","*"," 0.06","G","999.9","110000"
"01001099999","2020-06-25","70.9333333","-8.6666667","9.0","JAN MAYEN NOR NAVY, NO","  44.4","24","  42.0","24","1012.1","24","011.0","24"," 11.6"," 6","  5.5","24"," 16.1"," 23.3","  52.2"," ","  40.5","*"," 0.13","G","999.9","110000"
"01001099999","2020-06-26","70.9333333","-8.6666667","9.0","JAN MAYEN NOR NAVY, NO","  41.1","24","  39.4","24","1021.0","24","019.8","24"," 13.0"," 6","  5.5","24"," 10.5"," 14.4","  43.7"," ","  37.4","*"," 0.00","G","999.9","100000"
"01001099999","2020-06-27","70.9333333","-8.6666667","9.0","JAN MAYEN NOR NAVY, NO","  42.4","24","  41.4","24","1022.4","24","021.2","24"," 11.0"," 6","  8.9","24"," 11.1"," 14.2","  43.2"," ","  41.7"," "," 0.00","G","999.9","010000"
"01001099999","2020-06-28","70.9333333","-8.6666667","9.0","JAN MAYEN NOR NAVY, NO","  42.6","24","  40.1","24","1022.8","24","021.6","24","  8.6"," 6","  9.3","24"," 15.7"," 21.6","  45.7"," ","  40.8"," "," 0.09","G","999.9","110000"
"01001099999","2020-06-29","70.9333333","-8.6666667","9.0","JAN MAYEN NOR NAVY, NO","  38.8","24","  35.3","24","1024.0","24","022.8","24"," 12.3"," 6"," 11.6","24"," 20.2"," 25.8","  44.6"," ","  33.3","*"," 0.00","G","999.9","000000"
"01001099999","2020-06-30","70.9333333","-8.6666667","9.0","JAN MAYEN NOR NAVY, NO","  33.8","24","  31.2","24","1017.0","24","015.8","24"," 11.9"," 6"," 23.4","24"," 26.0"," 34.2","  39.4"," ","  31.8"," "," 0.00","G","999.9","000000"
"01001099999","2020-07-01","70.9333333","-8.6666667","9.0","JAN MAYEN NOR NAVY, NO","  35.2","24","  32.3","24","1009.5","24","008.3","24"," 13.8"," 6"," 22.9","24"," 26.6"," 35.2","  40.3"," ","  32.5"," "," 0.00","G","999.9","100000"
"01001099999","2020-07-02","70.9333333","-8.6666667","9.0","JAN MAYEN NOR NAVY, NO","  41.1","24","  31.4","24","1007.2","24","006.0","24"," 26.9"," 6"," 10.8","24"," 24.7"," 30.3","  46.9"," ","  34.2"," "," 0.00","G","999.9","010000"
"01001099999","2020-07-03","70.9333333","-8.6666667","9.0","JAN MAYEN NOR NAVY, NO","  36.4","24","  32.4","24","1006.5","24","005.3","24"," 15.7"," 6","  5.3","24","  9.5"," 13.2","  45.5"," ","  33.6"," "," 0.00","G","999.9","110000"
"01001099999","2020-07-04","70.9333333","-8.6666667","9.0","JAN MAYEN NOR NAVY, NO","  35.6","24","  33.0","24","1002.1","24","000.9","24","  8.1"," 6"," 13.6","24"," 24.1"," 28.0","  38.3"," ","  33.4"," "," 0.00","G","999.9","010000"
"01001099999","2020-07-05","70.9333333","-8.6666667","9.0","JAN MAYEN NOR NAVY, NO","  38.7","24","  36.7","24","1001.8","24","000.6","24","  9.5"," 6"," 19.4","24"," 24.7"," 36.9","  41.0","*","  35.1"," "," 0.16","G","999.9","010000"
"01001099999","2020-07-06","70.9333333","-8.6666667","9.0","JAN MAYEN NOR NAVY, NO","  36.0","24","  33.9","24","1004.8","24","003.6","24","  7.1"," 6"," 24.0","24"," 27.2"," 39.6","  41.2"," ","  34.2"," "," 0.17","G","999.9","010000"
"01001099999","2020-07-07","70.9333333","-8.6666667","9.0","JAN MAYEN NOR NAVY, NO","  36.3","24","  35.0","24","1003.9","24","002.7","24","  3.4"," 6"," 23.1","24"," 34.2"," 43.1","  38.3"," ","  34.9"," "," 0.21","G","  0.4","010000"
"01001099999","2020-07-08","70.9333333","-8.6666667","9.0","JAN MAYEN NOR NAVY, NO","  35.8","24","  33.9","24"," 995.1","24","993.9","24","  2.3"," 6"," 19.0","24"," 30.3"," 41.4","  39.2","*","  34.3"," "," 0.36","G","999.9","011000"
"01001099999","2020-07-09","70.9333333","-8.6666667","9.0","JAN MAYEN NOR NAVY, NO","  40.6","24","  39.5","24"," 998.5","24","997.4","24","  8.6"," 6"," 20.1","24"," 28.9"," 41.4","  42.8"," ","  35.4"," "," 0.11","G","999.9","110000"
"01001099999","2020-07-10","70.9333333","-8.6666667","9.0","JAN MAYEN NOR NAVY, NO","  40.1","24","  38.7","24","1005.6","24","004.4","24","  3.4"," 6"," 23.7","24"," 27.4"," 38.1","  42.8"," ","  38.5","*"," 0.01","G","999.9","100000"
"01001099999","2020-07-11","70.9333333","-8.6666667","9.0","JAN MAYEN NOR NAVY, NO","  38.9","24","  36.9","24","1008.6","24","007.4","24","  3.2"," 6"," 23.6","24"," 31.3"," 37.7","  41.0"," ","  37.8"," "," 0.02","G","999.9","110000"
"01001099999","2020-07-12","70.9333333","-8.6666667","9.0","JAN MAYEN NOR NAVY, NO","  42.3","24","  38.2","24","1014.1","24","012.9","24"," 37.3"," 6","  5.8","24"," 13.4"," 17.9","  43.7","*","  37.4"," "," 0.00","G","999.9","000000"
"01001099999","2020-07-13","70.9333333","-8.6666667","9.0","JAN MAYEN NOR NAVY, NO","  42.4","24","  40.3","24","1018.5","24","017.3","24"," 22.8"," 6","  7.3","24"," 11.7"," 13.4","  44.2"," ","  39.9"," "," 0.00","G","999.9","000000"
"01001099999","2020-07-14","70.9333333","-8.6666667","9.0","JAN MAYEN NOR NAVY, NO","  43.3","24","  41.4","24","1018.7","24","017.5","24"," 18.4"," 6","  5.5","24"," 12.2"," 15.0","  44.2"," ","  42.3"," "," 0.00","G","999.9","010000"
"01001099999","2020-07-15","70.9333333","-8.6666667","9.0","JAN MAYEN NOR NAVY, NO","  44.3","24","  43.0","24","1014.5","24","013.3","24","  6.1"," 6","  2.7","24","  4.9"," 12.0","  45.9","*","  42.6"," "," 0.00","G","999.9","100000"
"01001099999","2020-07-16","70.9333333","-8.6666667","9.0","JAN MAYEN NOR NAVY, NO","  44.0","24","  41.6","24","1007.5","24","006.3","24","  8.9"," 6"," 11.0","24"," 23.7"," 32.2","  45.9"," ","  42.3"," "," 0.00","G","999.9","100000"
"01001099999","2020-07-17","70.9333333","-8.6666667","9.0","JAN MAYEN NOR NAVY, NO","  45.8","24","  44.2","24"," 996.9","24","995.8","24","  3.1"," 6"," 11.0","24"," 31.7"," 39.4","  47.1"," ","  43.3"," "," 0.35","G","999.9","110000"
"01001099999","2020-07-18","70.9333333","-8.6666667","9.0","JAN MAYEN NOR NAVY, NO","  44.5","24","  41.5","24","1000.2","24","999.1","24","  6.0"," 6","  8.0","24"," 19.4"," 24.5","  49.5"," ","  41.0","*"," 0.00","G","999.9","100000"
"01001099999","2020-07-19","70.9333333","-8.6666667","9.0","JAN MAYEN NOR NAVY, NO","  45.6","24","  42.5","24","1003.9","24","002.8","24"," 16.6"," 6"," 11.7","24"," 20.6"," 32.8","  51.8"," ","  40.3"," "," 0.00","G","999.9","100000"
"01001099999","2020-07-20","70.9333333","-8.6666667","9.0","JAN MAYEN NOR NAVY, NO","  40.7","24","  39.2","24","1008.4","24","007.2","24","  1.0"," 6"," 23.2","24"," 29.1"," 37.3","  46.9"," ","  38.7","*"," 0.01","G","999.9","110000"
"01001099999","2020-07-21","70.9333333","-8.6666667","9.0","JAN MAYEN NOR NAVY, NO","  39.6","24","  37.4","24","1011.5","24","010.3","24","  7.1"," 6"," 22.8","24"," 28.0"," 35.5","  42.6"," ","  36.7","*"," 0.12","G","999.9","110000"
"01001099999","2020-07-22","70.9333333","-8.6666667","9.0","JAN MAYEN NOR NAVY, NO","  38.6","24","  35.6","24","1014.5","24","013.3","24","  9.5"," 6"," 11.3","24"," 21.4"," 26.2","  42.1"," ","  36.3"," "," 0.04","G","999.9","010000"
"01001099999","2020-07-23","70.9333333","-8.6666667","9.0","JAN MAYEN NOR NAVY, NO","  40.9","24","  37.1","24","1016.1","24","014.9","24","  9.7"," 6","  5.3","24"," 12.0"," 18.3","  44.6"," ","  37.6"," "," 0.00","G","999.9","100000"
"01001099999","2020-07-24","70.9333333","-8.6666667","9.0","JAN MAYEN NOR NAVY, NO","  43.0","24","  40.3","24","1015.7","24","014.5","24"," 22.8"," 6","  9.1","24"," 17.3"," 23.5","  48.9"," ","  38.5"," "," 0.01","G","999.9","010000"
"01001099999","2020-07-25","70.9333333","-8.6666667","9.0","JAN MAYEN NOR NAVY, NO","  39.1","24","  37.4","24","1011.8","24","010.6","24","  6.2"," 6"," 20.1","24"," 27.0"," 40.2","  42.8"," ","  37.4"," "," 0.00","G","999.9","110000"
"01001099999","2020-07-26","70.9333333","-8.6666667","9.0","JAN MAYEN NOR NAVY, NO","  42.1","24","  39.6","24","1005.3","24","004.1","24"," 15.4"," 6"," 18.4","24"," 40.8"," 54.2","  49.3"," ","  36.9"," "," 0.03","G","999.9","110000"
"01001099999","2020-07-27","70.9333333","-8.6666667","9.0","JAN MAYEN NOR NAVY, NO","  45.0","23","  43.0","23","1005.6","23","004.4","23","  8.6"," 6","  5.5","23"," 29.7"," 35.9","  49.6"," ","  43.2","*"," 0.00","G","999.9","110000"
"01001099999","2020-07-28","70.9333333","-8.6666667","9.0","JAN MAYEN NOR NAVY, NO","  43.5","24","  41.6","24","1003.4","24","002.2","24","  3.3"," 6"," 17.0","24"," 35.4"," 46.4","  46.4"," ","  41.5"," "," 0.41","G","999.9","110000"
"01001099999","2020-07-29","70.9333333","-8.6666667","9.0","JAN MAYEN NOR NAVY, NO","  42.3","24","  41.0","24","1010.6","24","009.4","24","  2.8"," 6","  3.7","24","  6.2"," 30.1","  45.0"," ","  41.4","*"," 0.04","G","999.9","100000"
"01001099999","2020-07-30","70.9333333","-8.6666667","9.0","JAN MAYEN NOR NAVY, NO","  42.9","24","  40.2","24","1015.1","24","013.9","24"," 18.7"," 6","  9.3","24"," 20.4"," 29.5","  46.2"," ","  41.2","*"," 0.00","G","999.9","100000"
"01001099999","2020-07-31","70.9333333","-8.6666667","9.0","JAN MAYEN NOR NAVY, NO","  41.0","24","  38.7","24","1017.7","24","016.5","24"," 15.8"," 6","  8.9","24"," 17.9"," 28.0","  43.0"," ","  39.2"," "," 0.00","G","999.9","010000"
"01001099999","2020-08-01","70.9333333","-8.6666667","9.0","JAN MAYEN NOR NAVY, NO","  45.4","24","  44.5","24","1007.7","24","006.5","24","  2.2"," 6"," 13.4","24"," 19.2"," 27.6","  47.3"," ","  40.8"," "," 0.06","G","  0.4","110000"
"01001099999","2020-08-02","70.9333333","-8.6666667","9.0","JAN MAYEN NOR NAVY, NO","  43.7","24","  43.0","24","1007.4","24","006.2","24","  0.3"," 6","  3.9","24","  9.1"," 17.1","  44.8"," ","  42.3","*"," 0.45","G","999.9","100000"
"01001099999","2020-08-03","70.9333333","-8.6666667","9.0","JAN MAYEN NOR NAVY, NO","  46.7","24","  45.6","24","1006.0","24","004.9","24","  2.2"," 6","  3.4","24"," 16.1"," 26.0","  49.8"," ","  42.4"," "," 0.11","G","999.9","110000"
"01001099999","2020-08-04","70.9333333","-8.6666667","9.0","JAN MAYEN NOR NAVY, NO","  45.7","24","  44.7","24","1001.6","24","000.5","24","  5.1"," 6","  3.6","24","  9.5"," 12.0","  47.5","*","  44.1"," "," 0.01","G","999.9","010000"
"01001099999","2020-08-05","70.9333333","-8.6666667","9.0","JAN MAYEN NOR NAVY, NO","  45.7","24","  45.0","24","1003.6","24","002.4","24","  1.2"," 6","  4.0","24"," 11.1"," 14.8","  46.8"," ","  42.8","*"," 0.09","G","999.9","110000"
"01001099999","2020-08-06","70.9333333","-8.6666667","9.0","JAN MAYEN NOR NAVY, NO","  46.6","24","  45.1","24","1007.0","24","005.9","24"," 16.6"," 6","  6.5","24"," 12.4"," 16.3","  48.6"," ","  42.3"," "," 0.00","G","999.9","010000"
"01001099999","2020-08-07","70.9333333","-8.6666667","9.0","JAN MAYEN NOR NAVY, NO","  45.3","24","  44.8","24","1008.1","24","006.9","24","  0.9"," 7"," 10.9","24"," 21.4"," 26.0","  47.8"," ","  43.7","*"," 0.04","G","  0.4","110000"
"01001099999","2020-08-08","70.9333333","-8.6666667","9.0","JAN MAYEN NOR NAVY, NO","  44.1","24","  43.5","24","1005.4","24","004.3","24","  2.0"," 6"," 11.2","24"," 16.9"," 19.8","  45.5","*","  41.0"," "," 0.46","G","999.9","100000"
"01001099999","2020-08-09","70.9333333","-8.6666667","9.0","JAN MAYEN NOR NAVY, NO","  42.5","24","  40.4","24","1012.6","24","011.4","24"," 10.9"," 6","  7.7","24"," 19.4"," 24.5","  46.2"," ","  39.9"," "," 0.01","G","999.9","010000"
"01001099999","2020-08-10","70.9333333","-8.6666667","9.0","JAN MAYEN NOR NAVY, NO","  44.1","24","  43.8","24","1016.0","24","014.8","24","  0.6"," 7"," 10.1","24"," 17.5"," 18.5","  45.5","*","  43.0","*"," 0.03","G","999.9","110000"
"01001099999","2020-08-11","70.9333333","-8.6666667","9.0","JAN MAYEN NOR NAVY, NO","  43.9","24","  43.7","24","1019.0","24","017.8","24","  0.2"," 6","  9.4","24"," 15.7"," 17.9","  45.9","*","  42.3","*"," 0.01","G","999.9","110000"
"01001099999","2020-08-12","70.9333333","-8.6666667","9.0","JAN MAYEN NOR NAVY, NO","  43.4","22","  43.2","22","1015.1","22","013.9","22","  0.3"," 6","  8.2","22"," 15.2"," 18.8","  45.3"," ","  41.0","*"," 0.07","G","999.9","110000"
"01001099999","2020-08-13","70.9333333","-8.6666667","9.0","JAN MAYEN NOR NAVY, NO","  43.3","24","  42.5","24","1003.3","24","002.2","24","  6.0"," 7","  9.7","24"," 15.2"," 20.0","  45.1"," ","  38.8"," "," 0.04","G","999.9","010000"
"01001099999","2020-08-14","70.9333333","-8.6666667","9.0","JAN MAYEN NOR NAVY, NO","  41.7","24","  37.5","24"," 988.9","22","987.8","22","  7.4"," 6"," 21.8","24"," 32.2"," 49.0","  44.8"," ","  38.7"," "," 0.73","G","999.9","010000"
"01001099999","2020-08-15","70.9333333","-8.6666667","9.0","JAN MAYEN NOR NAVY, NO","  39.4","24","  36.3","24","1003.9","24","002.7","24","  9.0"," 6"," 19.7","24"," 28.7"," 49.1","  42.8"," ","  37.6"," "," 0.02","G","999.9","010000"
"01001099999","2020-08-16","70.9333333","-8.6666667","9.0","JAN MAYEN NOR NAVY, NO","  40.8","24","  37.4","24","1020.5","24","019.3","24"," 21.1"," 6","  9.5","24"," 23.3"," 32.2","  45.0"," ","  37.8","*"," 0.01","G","999.9","110000"
"01001099999","2020-08-17","70.9333333","-8.6666667","9.0","JAN MAYEN NOR NAVY, NO","  44.0","24","  39.3","24","1012.7","24","011.5","24"," 17.2"," 7","  8.6","24"," 32.1"," 39.0","  50.9","*","  37.8","*"," 0.00","G","999.9","100000"
"01001099999","2020-08-18","70.9333333","-8.6666667","9.0","JAN MAYEN NOR NAVY, NO","  38.9","24","  36.7","24","1011.4","24","010.2","24","  7.9"," 6"," 18.5","24"," 34.0"," 42.9","  50.7"," ","  36.9","*"," 0.02","G","999.9","110000"
"01001099999","2020-08-19","70.9333333","-8.6666667","9.0","JAN MAYEN NOR NAVY, NO","  38.8","24","  36.8","24","1011.2","24","010.0","24","  7.0"," 6"," 15.6","24"," 23.5"," 36.3","  40.5"," ","  37.6"," "," 0.04","G","999.9","010000"
"01001099999","2020-08-20","70.9333333","-8.6666667","9.0","JAN MAYEN NOR NAVY, NO","  40.5","24","  37.5","24","1011.1","24","009.9","24"," 13.3"," 6","  8.5","24"," 22.0"," 28.9","  46.0"," ","  37.0"," "," 0.01","G","999.9","100000"
"01001099999","2020-08-21","70.9333333","-8.6666667","9.0","JAN MAYEN NOR NAVY, NO","  38.8","24","  36.0","24","1009.9","24","008.7","24"," 23.5"," 7","  9.2","24"," 15.0"," 21.6","  41.0","*","  37.8"," "," 0.00","G","999.9","000000"
"01001099999","2020-08-22","70.9333333","-8.6666667","9.0","JAN MAYEN NOR NAVY, NO","  39.5","24","  36.9","24","1004.7","24","003.5","24"," 17.5"," 6"," 17.7","24"," 27.4"," 37.5","  41.2"," ","  37.9"," "," 0.00","G","999.9","110000"
"01001099999","2020-08-23","70.9333333","-8.6666667","9.0","JAN MAYEN NOR NAVY, NO","  39.7","24","  36.8","24","1006.4","24","005.2","24"," 10.3"," 6"," 21.3","24"," 26.0"," 34.6","  41.0","*","  38.7"," "," 0.03","G","999.9","010000"
"01001099999","2020-08-24","70.9333333","-8.6666667","9.0","JAN MAYEN NOR NAVY, NO","  40.1","24","  37.0","24","1008.2","24","007.0","24"," 25.4"," 6"," 18.8","24"," 24.9"," 34.8","  43.9"," ","  36.9","*"," 0.01","G","999.9","000000"
"01001099999","2020-08-25","70.9333333","-8.6666667","9.0","JAN MAYEN NOR NAVY, NO","  36.6","24","  34.0","24","1009.8","24","008.6","24"," 17.2"," 7","  4.5","24"," 11.5"," 23.5","  39.6"," ","  35.2","*"," 0.00","G","999.9","000000"
"01001099999","2020-08-26","70.9333333","-8.6666667","9.0","JAN MAYEN NOR NAVY, NO","  39.5","24","  35.2","24","1009.3","24","008.1","24"," 15.2"," 6","  8.0","24"," 17.3"," 26.6","  44.6"," ","  34.9"," "," 0.00","G","999.9","000000"
"01001099999","2020-08-27","70.9333333","-8.6666667","9.0","JAN MAYEN NOR NAVY, NO","  41.5","24","  33.4","24","1010.2","24","009.0","24"," 21.7"," 6","  5.8","24"," 17.9"," 23.7","  44.2"," ","  37.8"," "," 0.00","G","999.9","100000"
"01001099999","2020-08-28","70.9333333","-8.6666667","9.0","JAN MAYEN NOR NAVY, NO","  40.9","24","  34.7","24","1010.9","24","009.7","24"," 28.5"," 6","  7.3","24"," 20.6"," 26.0","  44.6","*","  36.1"," "," 0.00","G","999.9","100000"
"01001099999","2020-08-29","70.9333333","-8.6666667","9.0","JAN MAYEN NOR NAVY, NO","  38.3","24","  31.9","24","1014.1","24","012.9","24"," 28.0"," 7"," 13.5","24"," 18.3"," 32.6","  44.6"," ","  37.0"," "," 0.00","G","999.9","000000"
"01001099999","2020-08-30","70.9333333","-8.6666667","9.0","JAN MAYEN NOR NAVY, NO","  41.5","24","  36.1","24","1006.5","24","005.3","24"," 21.3"," 6"," 13.2","24"," 23.7"," 30.5","  44.8"," ","  38.7"," "," 0.00","G","999.9","010000"
"01001099999","2020-08-31","70.9333333","-8.6666667","9.0","JAN MAYEN NOR NAVY, NO","  38.0","24","  35.3","24","1008.9","24","007.7","24"," 18.3"," 6","  9.1","24"," 18.6"," 24.9","  43.3"," ","  35.2"," "," 0.02","G","999.9","010000"
"01001099999","2020-09-01","70.9333333","-8.6666667","9.0","JAN MAYEN NOR NAVY, NO","  43.3","24","  42.8","24"," 998.0","24","996.9","24","  0.5"," 6","  8.1","24"," 15.9"," 24.5","  44.4"," ","  37.6"," "," 0.55","G","  0.8","010000"
"01001099999","2020-09-02","70.9333333","-8.6666667","9.0","JAN MAYEN NOR NAVY, NO","  42.5","24","  42.2","24"," 994.3","24","993.2","24","  0.2"," 7","  5.9","24"," 11.7"," 16.7","  44.6"," ","  39.7"," "," 0.83","G","999.9","110000"
"01001099999","2020-09-03","70.9333333","-8.6666667","9.0","JAN MAYEN NOR NAVY, NO","  41.3","24","  39.7","24"," 991.2","24","990.1","24","  6.3"," 6"," 27.4","24"," 32.1"," 44.3","  46.0"," ","  38.1"," "," 0.00","G","999.9","110000"
"01001099999","2020-09-04","70.9333333","-8.6666667","9.0","JAN MAYEN NOR NAVY, NO","  39.2","24","  37.6","24"," 999.9","24","998.7","24","  3.6"," 6"," 26.4","24"," 34.0"," 45.8","  42.3"," ","  37.8"," "," 0.11","G","999.9","010000"
"01001099999","2020-09-05","70.9333333","-8.6666667","9.0","JAN MAYEN NOR NAVY, NO","  37.3","24","  34.6","24","1005.2","24","004.0","24","  8.8"," 6"," 20.9","24"," 30.9"," 38.5","  38.7"," ","  36.3"," "," 0.12","G","999.9","010000"
"01001099999","2020-09-06","70.9333333","-8.6666667","9.0","JAN MAYEN NOR NAVY, NO","  38.2","24","  35.8","24","1005.7","24","004.5","24"," 15.2"," 7","  6.2","24"," 12.0"," 14.4","  42.1"," ","  34.7"," "," 0.00","G","999.9","010000"
"01001099999","2020-09-07","70.9333333","-8.6666667","9.0","JAN MAYEN NOR NAVY, NO","  42.5","24","  40.4","24"," 983.0","24","981.9","24","  8.3"," 6"," 18.4","24"," 28.7"," 44.7","  46.6"," ","  40.3"," "," 0.12","G","  0.4","010000"
"01001099999","2020-09-08","70.9333333","-8.6666667","9.0","JAN MAYEN NOR NAVY, NO","  39.5","24","  37.5","24"," 984.3","24","983.2","24","  4.4"," 6"," 17.0","24"," 33.4"," 49.9","  44.8"," ","  34.7"," "," 0.21","G","999.9","110000"
"01001099999","2020-09-09","70.9333333","-8.6666667","9.0","JAN MAYEN NOR NAVY, NO","  36.9","24","  34.6","24"," 994.5","24","993.4","24","  2.2"," 6"," 26.6","24"," 33.2"," 48.8","  38.8"," ","  34.7"," "," 0.73","G","  1.6","010000"
"01001099999","2020-09-10","70.9333333","-8.6666667","9.0","JAN MAYEN NOR NAVY, NO","  34.3","24","  30.8","24","1001.8","24","000.6","24","  9.4"," 7"," 15.0","24"," 28.7"," 42.2","  36.5"," ","  32.7"," "," 1.41","G","999.9","011000"
"01001099999","2020-09-11","70.9333333","-8.6666667","9.0","JAN MAYEN NOR NAVY, NO","  38.8","24","  36.2","24"," 995.4","24","994.3","24"," 26.4"," 6"," 14.0","24"," 25.8"," 40.2","  42.6"," ","  34.5"," "," 0.01","G","999.9","011000"
"01001099999","2020-09-12","70.9333333","-8.6666667","9.0","JAN MAYEN NOR NAVY, NO","  39.4","24","  38.1","24"," 991.0","24","989.9","24","  2.4"," 6"," 27.2","24"," 33.8"," 50.1","  41.2"," ","  38.5"," "," 0.02","G","999.9","010000"
"01001099999","2020-09-13","70.9333333","-8.6666667","9.0","JAN MAYEN NOR NAVY, NO","  36.5","24","  32.9","24","1002.4","24","001.2","24"," 12.1"," 6"," 25.0","24"," 28.9"," 45.3","  39.9"," ","  33.1"," "," 0.34","G","999.9","010000"
"01001099999","2020-09-14","70.9333333","-8.6666667","9.0","JAN MAYEN NOR NAVY, NO","  34.4","23","  29.9","23","1016.7","23","015.5","23"," 16.0"," 7"," 14.2","23"," 21.8"," 33.6","  36.3"," ","  33.1"," "," 0.00","G","999.9","011000"
"01001099999","2020-09-15","70.9333333","-8.6666667","9.0","JAN MAYEN NOR NAVY, NO","  36.0","23","  32.4","23","1020.9","23","019.7","23"," 21.0"," 6","  7.3","23"," 13.0"," 17.3","  40.8"," ","  31.1"," "," 0.00","G","999.9","011000"
"01001099999","2020-09-16","70.9333333","-8.6666667","9.0","JAN MAYEN NOR NAVY, NO","  39.1","24","  37.2","24","1018.0","24","016.8","24"," 10.8"," 6"," 12.5","24"," 19.6"," 25.8","  42.3"," ","  35.4"," "," 0.21","G","999.9","010000"
"01001099999","2020-09-17","70.9333333","-8.6666667","9.0","JAN MAYEN NOR NAVY, NO","  41.5","24","  39.7","24","1000.2","24","999.1","24","  5.3"," 6"," 13.5","24"," 21.4"," 32.4","  44.2"," ","  37.4"," "," 0.19","G","999.9","010000"
"01001099999","2020-09-18","70.9333333","-8.6666667","9.0","JAN MAYEN NOR NAVY, NO","  34.1","24","  30.1","24","1008.4","24","007.2","24"," 17.4"," 7","  9.0","24"," 18.3"," 39.6","  43.9"," ","  29.8"," "," 0.04","G","999.9","010000"
"01001099999","2020-09-19","70.9333333","-8.6666667","9.0","JAN MAYEN NOR NAVY, NO","  39.2","24","  36.9","24","1002.7","24","001.6","24","  9.5"," 7","  8.3","24"," 19.2"," 27.6","  43.7"," ","  29.8"," "," 0.09","G","  0.4","010000"
"01001099999","2020-09-20","70.9333333","-8.6666667","9.0","JAN MAYEN NOR NAVY, NO","  34.9","24","  31.1","24"," 989.5","24","988.4","24","  6.7"," 6","  9.9","24"," 30.7"," 40.2","  42.8"," ","  31.5"," "," 0.27","G","999.9","011000"
"01001099999","2020-09-21","70.9333333","-8.6666667","9.0","JAN MAYEN NOR NAVY, NO","  33.4","24","  30.3","24"," 985.9","24","984.7","24","  6.6"," 6"," 21.2","24"," 35.4"," 47.0","  36.5"," ","  31.1"," "," 0.01","G","999.9","011000"
"01001099999","2020-09-22","70.9333333","-8.6666667","9.0","JAN MAYEN NOR NAVY, NO","  33.7","23","  30.2","23"," 995.1","23","993.9","23","  6.8"," 4"," 14.7","23"," 27.6"," 40.0","  34.9"," ","  32.2"," "," 0.09","G","999.9","011000"
"01001099999","2020-09-23","70.9333333","-8.6666667","9.0","JAN MAYEN NOR NAVY, NO","  35.3","24","  33.5","24"," 995.1","24","993.9","24","999.9"," 0"," 20.7","24"," 33.2"," 45.6","  37.8"," ","  32.9"," "," 0.00","G","999.9","010000"
"01001099999","2020-09-24","70.9333333","-8.6666667","9.0","JAN MAYEN NOR NAVY, NO","  33.6","24","  25.9","24","1008.9","24","007.7","24"," 29.6"," 6"," 17.7","24"," 26.2"," 40.8","  34.7"," ","  32.5"," "," 0.40","G","999.9","001000"
"01001099999","2020-09-25","70.9333333","-8.6666667","9.0","JAN MAYEN NOR NAVY, NO","  33.1","24","  24.0","24","1013.2","24","012.0","24"," 34.1"," 6"," 10.3","24"," 18.8"," 28.2","  35.4"," ","  31.8"," "," 0.00","G","999.9","001000"
"01001099999","2020-09-26","70.9333333","-8.6666667","9.0","JAN MAYEN NOR NAVY, NO","  37.1","24","  32.6","24","1010.6","24","009.4","24"," 12.3"," 7"," 11.4","24"," 17.3"," 31.7","  40.5"," ","  31.6"," "," 0.05","G","999.9","010000"
"01001099999","2020-09-27","70.9333333","-8.6666667","9.0","JAN MAYEN NOR NAVY, NO","  41.0","24","  40.2","24","1006.3","24","005.1","24","  3.5"," 6"," 13.6","24"," 21.4"," 29.1","  41.9"," ","  39.9"," "," 0.04","G","  0.8","010000"
"01001099999","2020-09-28","70.9333333","-8.6666667","9.0","JAN MAYEN NOR NAVY, NO","  40.7","24","  39.7","24"," 999.2","24","998.0","24","  4.5"," 6"," 10.7","24"," 18.3"," 24.7","  42.1"," ","  39.6"," "," 0.98","G","  0.4","010000"
"01001099999","2020-09-29","70.9333333","-8.6666667","9.0","JAN MAYEN NOR NAVY, NO","  37.9","24","  35.0","24"," 996.9","24","995.7","24","  7.4"," 6"," 15.6","24"," 27.4"," 41.0","  42.1"," ","  35.8"," "," 1.09","G","999.9","010000"
"01001099999","2020-09-30","70.9333333","-8.6666667","9.0","JAN MAYEN NOR NAVY, NO","  37.7","24","  34.7","24","1012.8","24","011.6","24"," 15.1"," 7"," 11.6","24"," 18.8"," 24.7","  41.9"," ","  35.1"," "," 0.02","G","999.9","010000"
"01001099999","2020-10-01","70.9333333","-8.6666667","9.0","JAN MAYEN NOR NAVY, NO","  42.1","24","  39.0","24","1016.0","24","014.8","24"," 14.7"," 6"," 17.2","24"," 26.8"," 39.2","  44.4"," ","  37.9"," "," 0.04","G","999.9","010000"
"01001099999","2020-10-02","70.9333333","-8.6666667","9.0","JAN MAYEN NOR NAVY, NO","  41.9","24","  41.2","24","1016.0","24","014.8","24","  1.5"," 6","  6.0","24"," 15.3"," 22.9","  44.8"," ","  39.0"," "," 0.06","G","999.9","100000"
"01001099999","2020-10-03","70.9333333","-8.6666667","9.0","JAN MAYEN NOR NAVY, NO","  42.6","24","  41.7","24","1011.7","24","010.5","24","  3.6"," 6","  6.0","24"," 13.8"," 18.8","  47.8"," ","  39.0"," "," 0.02","G","999.9","110000"
"01001099999","2020-10-04","70.9333333","-8.6666667","9.0","JAN MAYEN NOR NAVY, NO","  43.7","24","  41.9","24","1013.4","24","012.2","24","  3.6"," 6","  5.9","24"," 12.6"," 21.0","  49.6"," ","  39.7"," "," 0.01","G","999.9","100000"
"01001099999","2020-10-05","70.9333333","-8.6666667","9.0","JAN MAYEN NOR NAVY, NO","  44.4","24","  42.0","24","1009.1","24","007.9","24"," 12.9"," 6","  4.7","24"," 10.5"," 18.6","  46.0"," ","  42.8"," "," 0.00","G","999.9","000000"
"01001099999","2020-10-06","70.9333333","-8.6666667","9.0","JAN MAYEN NOR NAVY, NO","  43.3","24","  41.9","24","1006.8","24","005.6","24","  3.7"," 6","  7.7","24"," 17.1"," 21.2","  45.7"," ","  41.5"," "," 0.00","G","999.9","110000"
"01001099999","2020-10-07","70.9333333","-8.6666667","9.0","JAN MAYEN NOR NAVY, NO","  40.9","24","  38.8","24","1004.9","24","003.7","24","  5.9"," 6","  7.8","24"," 23.3"," 29.5","  45.7"," ","  37.4"," "," 0.03","G","999.9","000000"
"01001099999","2020-10-08","70.9333333","-8.6666667","9.0","JAN MAYEN NOR NAVY, NO","  40.6","23","  38.3","23"," 998.7","23","997.5","23","  5.0"," 5"," 26.8","23"," 33.4"," 44.9","  48.2"," ","  37.8","*"," 0.00","G","999.9","100000"
"01001099999","2020-10-09","70.9333333","-8.6666667","9.0","JAN MAYEN NOR NAVY, NO","  37.3","24","  35.8","24","1007.6","24","006.4","24","  2.0"," 6"," 28.8","24"," 32.6"," 46.0","  39.0"," ","  35.4"," "," 0.02","G","999.9","010000"
"01001099999","2020-10-10","70.9333333","-8.6666667","9.0","JAN MAYEN NOR NAVY, NO","  32.0","24","  27.3","24","1023.4","24","022.2","24"," 15.5"," 6"," 17.6","24"," 24.5"," 38.1","  36.5"," ","  30.0"," "," 0.03","G","999.9","011000"
"01001099999","2020-10-11","70.9333333","-8.6666667","9.0","JAN MAYEN NOR NAVY, NO","  30.0","24","  24.1","24","1025.8","24","024.6","24"," 17.5"," 6","  6.3","24"," 12.0"," 18.1","  31.6"," ","  28.6"," "," 0.01","G","999.9","001000"
"01001099999","2020-10-12","70.9333333","-8.6666667","9.0","JAN MAYEN NOR NAVY, NO","  35.1","24","  31.2","24","1020.9","24","019.7","24"," 20.2"," 6","  9.9","24"," 17.1"," 21.6","  39.4"," ","  30.4"," "," 0.00","G","999.9","010000"
"01001099999","2020-10-13","70.9333333","-8.6666667","9.0","JAN MAYEN NOR NAVY, NO","  35.9","24","  32.2","24","1018.6","24","017.4","24"," 12.8"," 6","  8.4","24"," 18.1"," 28.9","  39.4"," ","  34.0"," "," 0.08","G","999.9","010000"
"01001099999","2020-10-14","70.9333333","-8.6666667","9.0","JAN MAYEN NOR NAVY, NO","  34.2","24","  32.2","24","1026.5","24","025.3","24"," 13.1"," 6","  2.1","22","  6.0"," 23.9","  36.7"," ","  31.6"," "," 0.00","G","999.9","000000"
"01001099999","2020-10-15","70.9333333","-8.6666667","9.0","JAN MAYEN NOR NAVY, NO","  40.5","23","  35.5","23","1028.8","23","027.6","23","  8.8"," 6","  9.9","23"," 20.0"," 26.2","  46.8"," ","  34.2"," "," 0.02","G","999.9","100000"
"01001099999","2020-10-16","70.9333333","-8.6666667","9.0","JAN MAYEN NOR NAVY, NO","  33.9","23","  29.3","23","1027.2","23","026.0","23","  7.1"," 6"," 21.1","23"," 28.0"," 40.6","  46.9"," ","  27.5"," "," 0.00","G","999.9","011000"
"01001099999","2020-10-17","70.9333333","-8.6666667","9.0","JAN MAYEN NOR NAVY, NO","  28.9","24","  25.5","24","1034.1","24","032.9","24","  4.7"," 6"," 13.8","24"," 25.1"," 36.7","  30.2","*","  27.3"," "," 0.06","G","999.9","010000"
"01001099999","2020-10-18","70.9333333","-8.6666667","9.0","JAN MAYEN NOR NAVY, NO","  32.0","24","  25.8","24","1027.9","24","026.7","24"," 25.9"," 6","  7.3","24"," 16.3"," 20.2","  34.9"," ","  27.3"," "," 0.02","G","999.9","000000"
"01001099999","2020-10-19","70.9333333","-8.6666667","9.0","JAN MAYEN NOR NAVY, NO","  32.1","24","  25.8","24","1027.4","24","026.2","24","  9.7"," 6","  9.1","24"," 12.4"," 17.9","  33.4"," ","  30.6"," "," 0.00","G","999.9","000000"
"01001099999","2020-10-20","70.9333333","-8.6666667","9.0","JAN MAYEN NOR NAVY, NO","  30.1","23","  26.0","23","1019.1","23","017.9","23"," 11.2"," 5","  8.7","23"," 13.6"," 17.5","  32.0"," ","  26.6"," "," 0.02","E","999.9","001000"
"01001099999","2020-10-21","70.9333333","-8.6666667","9.0","JAN MAYEN NOR NAVY, NO","  29.5","24","  25.4","24","1012.4","24","011.2","24"," 13.9"," 6","  3.2","22","  8.7"," 10.3","  34.3"," ","  25.0"," "," 0.00","E","999.9","001000"
"01001099999","2020-10-22","70.9333333","-8.6666667","9.0","JAN MAYEN NOR NAVY, NO","  30.6","24","  27.7","24","1008.5","24","007.3","24"," 11.9"," 6","  6.0","24"," 13.0"," 17.1","  34.3"," ","  26.1"," "," 0.08","G","999.9","100000"
"01001099999","2020-10-23","70.9333333","-8.6666667","9.0","JAN MAYEN NOR NAVY, NO","  31.7","24","  29.1","24","1007.3","24","006.1","24"," 14.9"," 6","  5.7","24"," 11.7"," 14.0","  36.1"," ","  26.1"," "," 0.00","G","999.9","001000"
"01001099999","2020-10-24","70.9333333","-8.6666667","9.0","JAN MAYEN NOR NAVY, NO","  35.3","23","  32.1","23","1007.2","23","006.0","23"," 18.1"," 6"," 11.9","23"," 16.9"," 21.6","  37.6"," ","  31.8"," "," 0.01","G","999.9","000000"
"01001099999","2020-10-25","70.9333333","-8.6666667","9.0","JAN MAYEN NOR NAVY, NO","  37.3","24","  29.1","24","1005.0","24","003.8","24"," 17.6"," 6"," 15.8","24"," 21.8"," 37.9","  38.5"," ","  33.8"," "," 0.01","G","999.9","000000"
"01001099999","2020-10-26","70.9333333","-8.6666667","9.0","JAN MAYEN NOR NAVY, NO","  34.4","24","  28.3","24"," 999.1","24","997.9","24"," 17.6"," 6"," 18.8","24"," 25.1"," 37.7","  37.4"," ","  33.1"," "," 0.00","G","999.9","000000"
"01001099999","2020-10-27","70.9333333","-8.6666667","9.0","JAN MAYEN NOR NAVY, NO","  32.3","24","  27.4","24"," 999.7","24","998.5","24","  8.6"," 6"," 16.0","24"," 21.6"," 28.4","  34.2"," ","  30.7"," "," 0.01","G","999.9","011000"
"01001099999","2020-10-28","70.9333333","-8.6666667","9.0","JAN MAYEN NOR NAVY, NO","  28.0","17","  20.9","17","1003.6","17","002.4","17"," 14.7"," 5"," 15.2","17"," 22.5"," 31.7","  31.6"," ","  24.6"," "," 0.02","G","999.9","000000"
"01001099999","2020-10-30","70.9333333","-8.6666667","9.0","JAN MAYEN NOR NAVY, NO","  36.8"," 9","  33.4"," 9","1000.0"," 9","998.8"," 9","999.9"," 0"," 19.1"," 9"," 23.3"," 30.1","  37.9"," ","  34.5"," "," 0.00","G","999.9","000000"
"01001099999","2020-10-31","70.9333333","-8.6666667","9.0","JAN MAYEN NOR NAVY, NO","  38.3","24","  37.1","24"," 992.8","24","991.7","24","  2.2"," 6"," 13.8","24"," 24.1"," 30.9","  39.7"," ","  36.5"," "," 0.08","G","999.9","110000"
"01001099999","2020-11-01","70.9333333","-8.6666667","9.0","JAN MAYEN NOR NAVY, NO","  39.9","24","  38.5","24"," 976.5","24","975.4","24","  2.4"," 6"," 21.4","24"," 33.0"," 46.2","  41.5"," ","  37.6"," "," 0.09","G","  0.4","010000"
"01001099999","2020-11-02","70.9333333","-8.6666667","9.0","JAN MAYEN NOR NAVY, NO","  40.4","24","  38.2","24"," 970.1","24","969.0","24","  3.9"," 6"," 13.2","24"," 23.9"," 30.9","  43.3"," ","  36.7"," "," 0.25","G","999.9","010000"
"01001099999","2020-11-03","70.9333333","-8.6666667","9.0","JAN MAYEN NOR NAVY, NO","  35.4","24","  33.3","24"," 984.1","24","983.0","24","  5.3"," 6"," 15.4","24"," 25.3"," 43.3","  39.7"," ","  31.8"," "," 0.05","G","999.9","111000"
"01001099999","2020-11-04","70.9333333","-8.6666667","9.0","JAN MAYEN NOR NAVY, NO","  33.6","24","  31.2","24"," 986.6","24","985.4","24","  6.1"," 6"," 18.3","24"," 26.8"," 50.9","  39.2"," ","  30.0"," "," 0.09","G","999.9","011000"
"01001099999","2020-11-05","70.9333333","-8.6666667","9.0","JAN MAYEN NOR NAVY, NO","  31.2","23","  28.6","23"," 987.0","23","985.8","23","  3.4"," 6"," 15.6","23"," 31.9"," 54.2","  38.3"," ","  28.4"," "," 0.45","G","999.9","011000"
"01001099999","2020-11-06","70.9333333","-8.6666667","9.0","JAN MAYEN NOR NAVY, NO","  33.5","24","  30.8","24"," 987.9","24","986.8","24","  3.8"," 6"," 11.4","24"," 23.5"," 33.6","  37.9"," ","  28.0"," "," 0.17","G","999.9","011000"
"01001099999","2020-11-07","70.9333333","-8.6666667","9.0","JAN MAYEN NOR NAVY, NO","  28.1","23","  23.9","23","1006.8","23","005.6","23"," 16.4"," 6","  7.2","23"," 15.5"," 23.3","  32.7"," ","  24.8"," "," 0.16","G","999.9","001000"
"01001099999","2020-11-08","70.9333333","-8.6666667","9.0","JAN MAYEN NOR NAVY, NO","  30.4","24","  25.3","24","1005.7","24","004.5","24","  6.9"," 6"," 18.0","24"," 24.7"," 38.7","  37.0"," ","  22.8"," "," 0.24","G","999.9","011000"
"01001099999","2020-11-09","70.9333333","-8.6666667","9.0","JAN MAYEN NOR NAVY, NO","  28.9","24","  22.5","24","1021.9","24","020.8","24"," 21.7"," 6"," 10.9","24"," 17.9"," 28.2","  37.8"," ","  19.9"," "," 0.01","G","999.9","000000"
"01001099999","2020-11-10","70.9333333","-8.6666667","9.0","JAN MAYEN NOR NAVY, NO","  38.1","24","  37.5","24","1006.6","24","005.4","24","  0.7"," 6","  8.7","24"," 18.6"," 24.3","  41.0"," ","  35.8"," "," 0.29","G","  0.4","110000"
"01001099999","2020-11-11","70.9333333","-8.6666667","9.0","JAN MAYEN NOR NAVY, NO","  37.2","24","  35.2","24"," 990.9","23","989.7","23","  1.6"," 6"," 17.6","24"," 39.6"," 57.1","  40.8"," ","  32.4","*"," 0.26","G","999.9","110000"
"01001099999","2020-11-12","70.9333333","-8.6666667","9.0","JAN MAYEN NOR NAVY, NO","  32.4","24","  29.6","24"," 995.6","24","994.4","24","  6.4"," 6","  4.9","24"," 12.8"," 18.1","  36.5"," ","  29.8"," "," 0.37","G","999.9","101000"
"01001099999","2020-11-13","70.9333333","-8.6666667","9.0","JAN MAYEN NOR NAVY, NO","  35.8","24","  34.6","24"," 990.1","24","989.0","24","  5.3"," 6"," 10.6","24"," 19.4"," 25.8","  39.6"," ","  30.6"," "," 0.06","G","999.9","110000"
"01001099999","2020-11-14","70.9333333","-8.6666667","9.0","JAN MAYEN NOR NAVY, NO","  33.6","23","  31.8","23"," 981.1","23","980.0","23","  1.0"," 6"," 15.5","23"," 41.6"," 53.6","  39.0"," ","  25.3"," "," 0.51","G","  0.4","011000"
"01001099999","2020-11-15","70.9333333","-8.6666667","9.0","JAN MAYEN NOR NAVY, NO","  23.2","24","  14.4","24","1002.3","24","001.1","24"," 23.8"," 6"," 14.5","24"," 32.4"," 45.8","  26.8"," ","  19.9"," "," 0.36","G","999.9","000000"
"01001099999","2020-11-16","70.9333333","-8.6666667","9.0","JAN MAYEN NOR NAVY, NO","  22.7","22","  13.7","22","1005.7","22","004.4","22"," 19.7"," 6"," 12.9","22"," 26.4"," 43.5","  27.5"," ","  19.9"," "," 0.00","G","999.9","000000"
"01001099999","2020-11-17","70.9333333","-8.6666667","9.0","JAN MAYEN NOR NAVY, NO","  25.1","24","  15.7","24","1002.4","24","001.2","24"," 14.0"," 6"," 26.9","24"," 32.1"," 47.6","  27.9"," ","  18.3"," ","99.99"," ","999.9","001000"
"01001099999","2020-11-18","70.9333333","-8.6666667","9.0","JAN MAYEN NOR NAVY, NO","  19.6","17","   7.3","17","1010.9","17","009.7","17","999.9"," 0"," 20.9","17"," 27.6"," 47.8","  23.2"," ","  17.8"," "," 0.00","I","999.9","000000"
"01001099999","2020-11-19","70.9333333","-8.6666667","9.0","JAN MAYEN NOR NAVY, NO","  25.6","24","  15.9","24","1013.6","24","012.4","24"," 25.4"," 6","  7.9","24"," 15.3"," 30.7","  29.8"," ","  19.9"," "," 0.00","I","999.9","000000"
"01001099999","2020-11-20","70.9333333","-8.6666667","9.0","JAN MAYEN NOR NAVY, NO","  32.8","24","  28.8","24","1003.0","24","001.8","24","  8.4"," 6","  9.0","24"," 19.8"," 27.0","  35.8"," ","  24.3"," "," 0.01","E","999.9","010000"
"01001099999","2020-11-21","70.9333333","-8.6666667","9.0","JAN MAYEN NOR NAVY, NO","  34.0","24","  30.2","24"," 984.9","24","983.8","24","  6.1"," 6"," 25.9","24"," 36.1"," 44.5","  37.2"," ","  32.4"," "," 0.01","F","999.9","011000"
"01001099999","2020-11-22","70.9333333","-8.6666667","9.0","JAN MAYEN NOR NAVY, NO","  29.8","24","  26.4","24"," 998.5","24","997.3","24","  5.6"," 6"," 13.4","24"," 22.1"," 34.2","  33.1"," ","  25.0"," ","99.99"," ","999.9","001000"
"01001099999","2020-11-23","70.9333333","-8.6666667","9.0","JAN MAYEN NOR NAVY, NO","  29.0","24","  25.5","24","1002.6","24","001.4","24","  6.4"," 6","  5.5","23"," 12.4"," 16.1","  32.0"," ","  25.0"," "," 0.14","E","999.9","001000"
"01001099999","2020-11-24","70.9333333","-8.6666667","9.0","JAN MAYEN NOR NAVY, NO","  25.3","24","  18.7","24","1005.5","24","004.3","24","  8.3"," 6"," 14.8","24"," 25.8"," 34.4","  30.2"," ","  20.7"," "," 0.03","E","999.9","001000"
"01001099999","2020-11-25","70.9333333","-8.6666667","9.0","JAN MAYEN NOR NAVY, NO","  20.4","24","  12.9","24","1011.1","24","009.9","24"," 11.9"," 6","  6.8","24"," 17.9"," 26.0","  23.5","*","  17.1"," "," 0.01","E","999.9","001000"
"01001099999","2020-11-26","70.9333333","-8.6666667","9.0","JAN MAYEN NOR NAVY, NO","  32.3","24","  28.3","24"," 992.1","24","991.0","24","  3.8"," 6"," 21.6","24"," 31.3"," 40.6","  37.0"," ","  17.1"," "," 0.15","E","999.9","011000"
"01001099999","2020-11-27","70.9333333","-8.6666667","9.0","JAN MAYEN NOR NAVY, NO","  35.4","24","  29.6","24"," 985.1","24","983.9","24","  7.4"," 6"," 23.7","24"," 32.2"," 48.8","  37.0"," ","  33.6"," "," 0.04","F","999.9","001000"
"01001099999","2020-11-28","70.9333333","-8.6666667","9.0","JAN MAYEN NOR NAVY, NO","  32.7","24","  26.6","24"," 995.2","24","994.0","24","  8.0"," 6"," 20.7","24"," 32.2"," 45.8","  36.1"," ","  24.6"," "," 0.01","F","999.9","000000"
"01001099999","2020-11-29","70.9333333","-8.6666667","9.0","JAN MAYEN NOR NAVY, NO","  22.3","24","  15.3","24","1004.3","24","003.1","24"," 10.4"," 6"," 13.8","24"," 20.6"," 33.2","  32.7"," ","  20.5"," "," 0.01","F","999.9","001000"
"01001099999","2020-11-30","70.9333333","-8.6666667","9.0","JAN MAYEN NOR NAVY, NO","  19.8","24","  10.3","24","1012.0","24","010.8","24"," 12.9"," 6","  9.3","24"," 18.5"," 28.4","  21.7"," ","  16.5"," "," 0.00","E","999.9","001000"
"01001099999","2020-12-01","70.9333333","-8.6666667","9.0","JAN MAYEN NOR NAVY, NO","  27.4","24","  24.3","24"," 999.5","24","998.4","24","  7.3"," 6"," 18.4","24"," 33.8"," 49.7","  34.7","*","  14.9"," "," 0.09","E","999.9","001000"
"01001099999","2020-12-02","70.9333333","-8.6666667","9.0","JAN MAYEN NOR NAVY, NO","  28.5","24","  27.2","24"," 983.0","24","981.8","24","  0.7"," 6"," 28.6","24"," 46.8"," 68.4","  34.9"," ","  21.0"," "," 0.42","G","999.9","011000"
"01001099999","2020-12-03","70.9333333","-8.6666667","9.0","JAN MAYEN NOR NAVY, NO","  20.2","24","  16.1","24","1010.7","24","009.5","24","  0.6"," 6"," 37.9","23"," 46.4"," 64.9","  22.8"," ","  18.1"," "," 0.96","G","999.9","001000"
"01001099999","2020-12-04","70.9333333","-8.6666667","9.0","JAN MAYEN NOR NAVY, NO","  19.0","23","  10.3","23","1024.9","23","023.7","23","  8.8"," 6"," 18.5","23"," 29.9"," 44.9","  21.6"," ","  17.2"," "," 0.08","G","999.9","000000"
"01001099999","2020-12-05","70.9333333","-8.6666667","9.0","JAN MAYEN NOR NAVY, NO","  22.6","24","  16.3","24","1018.6","24","017.4","24"," 11.1"," 6"," 11.0","24"," 21.6"," 35.0","  29.8","*","  12.9"," "," 0.01","G","999.9","001000"
"01001099999","2020-12-06","70.9333333","-8.6666667","9.0","JAN MAYEN NOR NAVY, NO","  30.0","24","  24.6","24","1012.2","24","011.0","24","  6.0"," 6"," 14.9","24"," 21.4"," 35.2","  32.0"," ","  27.7"," "," 0.08","G","999.9","001000"
"01001099999","2020-12-07","70.9333333","-8.6666667","9.0","JAN MAYEN NOR NAVY, NO","  26.3","24","  22.6","24","1018.5","24","017.3","24"," 12.7"," 6","  3.8","24","  9.9"," 18.8","  32.0"," ","  21.4"," "," 0.07","G","999.9","001000"
"01001099999","2020-12-08","70.9333333","-8.6666667","9.0","JAN MAYEN NOR NAVY, NO","  30.5","24","  27.1","24","1016.4","24","015.2","24"," 14.4"," 6","  7.0","24"," 11.5"," 14.6","  33.3"," ","  25.0"," "," 0.04","G","999.9","001000"
"01001099999","2020-12-09","70.9333333","-8.6666667","9.0","JAN MAYEN NOR NAVY, NO","  29.2","24","  26.6","24","1008.5","24","007.3","24","  9.8"," 6","  2.9","23","  5.8","999.9","  31.8"," ","  24.6"," "," 0.07","G","999.9","111000"
"01001099999","2020-12-10","70.9333333","-8.6666667","9.0","JAN MAYEN NOR NAVY, NO","  33.5","22","  29.5","22","1005.5","22","004.3","22","  7.2"," 6"," 12.5","22"," 22.3"," 28.9","  36.3"," ","  28.8"," "," 0.01","G","999.9","011000"
"01001099999","2020-12-11","70.9333333","-8.6666667","9.0","JAN MAYEN NOR NAVY, NO","  36.6","24","  34.6","24","1010.0","24","008.8","24","  3.2"," 6","  3.0","24"," 14.8"," 19.4","  38.5"," ","  34.9"," "," 0.21","G","999.9","010000"
"01001099999","2020-12-12","70.9333333","-8.6666667","9.0","JAN MAYEN NOR NAVY, NO","  33.9","24","  30.7","24","1017.7","24","016.5","24","  7.8"," 6","  5.8","24"," 10.5"," 14.6","  38.5"," ","  31.8"," "," 0.00","G","999.9","000000"
"01001099999","2020-12-13","70.9333333","-8.6666667","9.0","JAN MAYEN NOR NAVY, NO","  31.5","24","  27.0","24","1020.4","24","019.2","24"," 10.4"," 6","  6.3","24"," 13.6"," 15.5","  33.4"," ","  28.0"," "," 0.00","G","999.9","000000"
"01001099999","2020-12-14","70.9333333","-8.6666667","9.0","JAN MAYEN NOR NAVY, NO","  29.5","24","  25.2","24","1016.8","24","015.6","24"," 10.9"," 6","  7.9","24"," 16.1"," 21.4","  32.0"," ","  25.7"," "," 0.00","I","999.9","000000"
"01001099999","2020-12-15","70.9333333","-8.6666667","9.0","JAN MAYEN NOR NAVY, NO","  24.8","24","  20.6","24","1016.4","24","015.2","24"," 14.0"," 6","  8.9","24"," 12.8"," 20.8","  28.8"," ","  22.8"," "," 0.00","E","999.9","001000"
"01001099999","2020-12-16","70.9333333","-8.6666667","9.0","JAN MAYEN NOR NAVY, NO","  30.4","24","  26.9","24","1018.1","24","016.9","24"," 11.4"," 6"," 12.3","24"," 20.0"," 26.2","  31.8"," ","  22.8"," "," 0.02","G","999.9","001000"
"01001099999","2020-12-17","70.9333333","-8.6666667","9.0","JAN MAYEN NOR NAVY, NO","  31.2","24","  26.9","24","1013.2","24","012.0","24"," 12.4"," 6"," 11.6","24"," 23.7"," 32.1","  33.8"," ","  28.9"," "," 0.01","G","999.9","000000"
"01001099999","2020-12-18","70.9333333","-8.6666667","9.0","JAN MAYEN NOR NAVY, NO","  30.6","24","  25.9","24","1007.2","24","006.0","24","  8.0"," 6"," 19.8","24"," 29.7"," 41.2","  35.6"," ","  27.9"," "," 0.00","G","999.9","001000"
"01001099999","2020-12-19","70.9333333","-8.6666667","9.0","JAN MAYEN NOR NAVY, NO","  35.3","24","  27.9","24"," 999.9","24","998.7","24","  9.1"," 6"," 26.6","24"," 34.6"," 56.1","  38.1"," ","  30.2"," "," 0.00","G","999.9","011000"
"01001099999","2020-12-20","70.9333333","-8.6666667","9.0","JAN MAYEN NOR NAVY, NO","  31.8","23","  26.3","23"," 996.6","23","995.4","23","  5.4"," 6"," 29.3","23"," 37.1"," 61.0","  36.5"," ","  26.2"," "," 0.01","G","999.9","011000"
"01001099999","2020-12-21","70.9333333","-8.6666667","9.0","JAN MAYEN NOR NAVY, NO","  28.1","24","  26.4","24"," 996.9","24","995.7","24","  0.2"," 6"," 31.6","24"," 38.5"," 54.4","  29.8","*","  25.7"," "," 0.18","G","999.9","001000"
"01001099999","2020-12-22","70.9333333","-8.6666667","9.0","JAN MAYEN NOR NAVY, NO","  22.9","24","  20.1","24","1005.6","24","004.4","24","  1.8"," 6"," 20.0","24"," 28.4"," 39.8","  29.7"," ","  16.2"," "," 0.41","G","999.9","011000"
"01001099999","2020-12-23","70.9333333","-8.6666667","9.0","JAN MAYEN NOR NAVY, NO","  17.6","24","   9.7","24","1014.7","24","013.5","24"," 11.9"," 6"," 18.1","24"," 28.0"," 44.5","  23.9"," ","  14.0"," "," 0.10","G","999.9","001000"
"01001099999","2020-12-24","70.9333333","-8.6666667","9.0","JAN MAYEN NOR NAVY, NO","  28.1","24","  23.2","24","1013.1","24","011.9","24"," 13.5"," 6","  9.4","24"," 26.2"," 31.9","  34.7"," ","  19.6"," "," 0.00","G","999.9","010000"
"01001099999","2020-12-25","70.9333333","-8.6666667","9.0","JAN MAYEN NOR NAVY, NO","  35.3","24","  33.9","24"," 980.5","24","979.3","24","  2.4"," 6"," 16.3","24"," 25.1"," 38.1","  37.0"," ","  32.9"," "," 0.39","G","999.9","010000"
"01001099999","2020-12-26","70.9333333","-8.6666667","9.0","JAN MAYEN NOR NAVY, NO","  35.2","24","  31.8","24"," 980.2","24","979.1","24","  5.6"," 6"," 14.7","24"," 20.4"," 29.5","  38.3","*","  33.4"," "," 0.52","G","999.9","011100"
"01001099999","2020-12-27","70.9333333","-8.6666667","9.0","JAN MAYEN NOR NAVY, NO","  33.9","24","  27.5","24","1004.6","24","003.4","24","  7.9"," 6"," 25.2","24"," 34.2"," 50.1","  39.6"," ","  29.1"," "," 0.02","G","999.9","011000"
"01001099999","2020-12-28","70.9333333","-8.6666667","9.0","JAN MAYEN NOR NAVY, NO","  30.2","24","  23.3","24","1008.7","24","007.5","24","  9.3"," 6"," 29.2","24"," 38.9"," 49.9","  31.3"," ","  29.5"," "," 0.00","G","999.9","000000"
"01001099999","2020-12-29","70.9333333","-8.6666667","9.0","JAN MAYEN NOR NAVY, NO","  30.5","24","  28.7","24","1001.1","24","999.9","24","  2.6"," 6"," 30.0","24"," 36.1"," 49.7","  31.3"," ","  29.3"," "," 0.00","G","999.9","001000"
"01001099999","2020-12-30","70.9333333","-8.6666667","9.0","JAN MAYEN NOR NAVY, NO","  31.1","24","  29.4","24","1002.2","24","001.0","24","  2.1"," 6"," 25.8","24"," 30.3"," 40.0","  32.4"," ","  29.3"," "," 0.59","G","999.9","001000"
"01001099999","2020-12-31","70.9333333","-8.6666667","9.0","JAN MAYEN NOR NAVY, NO","  26.8","24","  24.4","24","1011.9","24","010.8","24","  1.5"," 6"," 24.9","24"," 32.8"," 42.0","  30.2"," ","  24.6"," "," 0.29","G","999.9","001000"
